

Microchip MPLAB XC8 Assembler V2.36 build 20220127204148 
                                                                                               Mon Jan 05 00:10:47 2026

Microchip MPLAB XC8 C Compiler v2.36 (Free license) build 20220127204148 Og1 
     1                           	processor	18F25K83
     2                           	fnconf	rparam,??,?,0
     3                           	pagewidth 120
     4                           	opt	flic
     5                           	psect	idataBANK0,global,class=CODE,delta=1,noexec
     6                           	psect	idataBANK1,global,class=CODE,delta=1,noexec
     7                           	psect	smallconst,global,reloc=2,class=SMALLCONST,delta=1,noexec
     8                           	psect	cinit,global,reloc=2,class=CODE,delta=1
     9                           	psect	bssCOMRAM,global,class=COMRAM,space=1,delta=1,lowdata,noexec
    10                           	psect	bssBANK0,global,class=BANK0,space=1,delta=1,lowdata,noexec
    11                           	psect	dataBANK0,global,class=BANK0,space=1,delta=1,lowdata,noexec
    12                           	psect	bssBANK1,global,class=BANK1,space=1,delta=1,lowdata,noexec
    13                           	psect	dataBANK1,global,class=BANK1,space=1,delta=1,lowdata,noexec
    14                           	psect	cstackBANK0,global,class=BANK0,space=1,delta=1,lowdata,noexec
    15                           	psect	cstackCOMRAM,global,class=COMRAM,space=1,delta=1,lowdata,noexec
    16                           	psect	text0,global,reloc=2,class=CODE,delta=1
    17                           	psect	text1,global,reloc=2,class=CODE,delta=1,group=1
    18                           	psect	text2,global,reloc=2,class=CODE,delta=1
    19                           	psect	text3,global,reloc=2,class=CODE,delta=1
    20                           	psect	text4,global,reloc=2,class=CODE,delta=1
    21                           	psect	text5,global,reloc=2,class=CODE,delta=1
    22                           	psect	text6,global,reloc=2,class=CODE,delta=1
    23                           	psect	text7,global,reloc=2,class=CODE,delta=1
    24                           	psect	text8,global,reloc=2,class=CODE,delta=1
    25                           	psect	text9,global,reloc=2,class=CODE,delta=1,group=2
    26                           	psect	text10,global,reloc=2,class=CODE,delta=1
    27                           	psect	text11,global,reloc=2,class=CODE,delta=1
    28                           	psect	text12,global,reloc=2,class=CODE,delta=1
    29                           	psect	text13,global,reloc=2,class=CODE,delta=1,group=1
    30                           	psect	text14,global,reloc=2,class=CODE,delta=1,group=1
    31                           	psect	text15,global,reloc=2,class=CODE,delta=1,group=1
    32                           	psect	text16,global,reloc=2,class=CODE,delta=1,group=1
    33                           	psect	text17,global,reloc=2,class=CODE,delta=1,group=1
    34                           	psect	text18,global,reloc=2,class=CODE,delta=1,group=1
    35                           	psect	text19,global,reloc=2,class=CODE,delta=1,group=1
    36                           	psect	text20,global,reloc=2,class=CODE,delta=1,group=1
    37                           	psect	text21,global,reloc=2,class=CODE,delta=1
    38                           	psect	text22,global,reloc=2,class=CODE,delta=1
    39                           	psect	text23,global,reloc=2,class=CODE,delta=1
    40                           	psect	text24,global,reloc=2,class=CODE,delta=1
    41                           	psect	text25,global,reloc=2,class=CODE,delta=1
    42                           	psect	text26,global,reloc=2,class=CODE,delta=1
    43                           	psect	intsave_regs,global,class=BIGRAM,space=1,delta=1,noexec
    44                           	psect	rparam,global,class=COMRAM,space=1,delta=1,noexec
    45                           	psect	idloc,global,abs,ovrld,class=IDLOC,space=5,delta=1,noexec
    46                           	psect	config,global,abs,ovrld,class=CONFIG,space=4,delta=1,noexec
    47  0000                     
    48                           ; Version 2.35
    49                           ; Generated 05/05/2021 GMT
    50                           ; 
    51                           ; Copyright © 2021, Microchip Technology Inc. and its subsidiaries ("Microchip")
    52                           ; All rights reserved.
    53                           ; 
    54                           ; This software is developed by Microchip Technology Inc. and its subsidiaries ("Microch
      +                          ip").
    55                           ; 
    56                           ; Redistribution and use in source and binary forms, with or without modification, are
    57                           ; permitted provided that the following conditions are met:
    58                           ; 
    59                           ;     1. Redistributions of source code must retain the above copyright notice, this lis
      +                          t of
    60                           ;        conditions and the following disclaimer.
    61                           ; 
    62                           ;     2. Redistributions in binary form must reproduce the above copyright notice, this 
      +                          list
    63                           ;        of conditions and the following disclaimer in the documentation and/or other
    64                           ;        materials provided with the distribution. Publication is not required when
    65                           ;        this file is used in an embedded application.
    66                           ; 
    67                           ;     3. Microchip's name may not be used to endorse or promote products derived from th
      +                          is
    68                           ;        software without specific prior written permission.
    69                           ; 
    70                           ; THIS SOFTWARE IS PROVIDED BY MICROCHIP "AS IS" AND ANY EXPRESS OR IMPLIED WARRANTIES,
    71                           ; INCLUDING, BUT NOT LIMITED TO, THE IMPLIED WARRANTIES OF MERCHANTABILITY AND FITNESS F
      +                          OR
    72                           ; PURPOSE ARE DISCLAIMED.  IN NO EVENT SHALL MICROCHIP BE LIABLE FOR ANY DIRECT, INDIREC
      +                          T,
    73                           ; INCIDENTAL, SPECIAL, EXEMPLARY, OR CONSEQUENTIAL DAMAGES (INCLUDING BUT NOT LIMITED TO
    74                           ; PROCUREMENT OF SUBSTITUTE GOODS OR SERVICES; LOSS OF USE, DATA OR PROFITS; OR BUSINESS
    75                           ; INTERRUPTION) HOWSOEVER CAUSED AND ON ANY THEORY OF LIABILITY, WHETHER IN CONTRACT, ST
      +                          RICT
    76                           ; LIABILITY, OR TORT (INCLUDING NEGLIGENCE OR OTHERWISE) ARISING IN ANY WAY OUT OF THE U
      +                          SE OF
    77                           ; THIS SOFTWARE, EVEN IF ADVISED OF THE POSSIBILITY OF SUCH DAMAGE.
    78                           ; 
    79                           ; 
    80                           ; Code-generator required, PIC18F25K83 Definitions
    81                           ; 
    82                           ; SFR Addresses
    83  0000                     
    84                           	psect	idataBANK0
    85  0025CC                     __pidataBANK0:
    86                           	callstack 0
    87                           
    88                           ;initializer for _LCD
    89  0025CC  C3                 	db	195
    90  0025CD  3F                 	db	63
    91  0025CE  CB                 	db	203
    92  0025CF  3F                 	db	63
    93  0025D0  00                 	db	0
    94  0025D1  01                 	db	1
    95  0025D2  04                 	db	4
    96  0025D3  05                 	db	5
    97  0025D4  06                 	db	6
    98  0025D5  07                 	db	7
    99                           
   100                           ;initializer for _square_four_digits
   101  0025D6  FF                 	db	255
   102  0025D7  FF                 	db	255
   103  0025D8  03                 	db	3
   104  0025D9  02                 	db	2
   105  0025DA  04                 	db	4
   106  0025DB  05                 	db	5
   107  0025DC  FE                 	db	254
   108  0025DD  05                 	db	5
   109  0025DE  06                 	db	6
   110  0025DF  02                 	db	2
   111  0025E0  03                 	db	3
   112  0025E1  06                 	db	6
   113  0025E2  00                 	db	0
   114  0025E3  02                 	db	2
   115  0025E4  01                 	db	1
   116  0025E5  02                 	db	2
   117  0025E6  07                 	db	7
   118  0025E7  01                 	db	1
   119  0025E8  FE                 	db	254
   120  0025E9  05                 	db	5
   121  0025EA  03                 	db	3
   122  0025EB  06                 	db	6
   123  0025EC  06                 	db	6
   124  0025ED  02                 	db	2
   125  0025EE  03                 	db	3
   126  0025EF  06                 	db	6
   127  0025F0  03                 	db	3
   128  0025F1  02                 	db	2
   129  0025F2  00                 	db	0
   130  0025F3  02                 	db	2
   131  0025F4  FE                 	db	254
   132  0025F5  05                 	db	5
   133  0025F6  03                 	db	3
   134  0025F7  02                 	db	2
   135  0025F8  03                 	db	3
   136  0025F9  02                 	db	2
   137  0025FA  03                 	db	3
   138  0025FB  02                 	db	2
   139  0025FC  06                 	db	6
   140  0025FD  02                 	db	2
   141                           
   142                           ;initializer for _tron_bold_digits
   143  0025FE  04                 	db	4
   144  0025FF  02                 	db	2
   145  002600  07                 	db	7
   146  002601  FF                 	db	255
   147  002602  FE                 	db	254
   148  002603  05                 	db	5
   149  002604  FE                 	db	254
   150  002605  05                 	db	5
   151  002606  00                 	db	0
   152  002607  02                 	db	2
   153  002608  03                 	db	3
   154  002609  06                 	db	6
   155  00260A  00                 	db	0
   156  00260B  02                 	db	2
   157  00260C  01                 	db	1
   158  00260D  FF                 	db	255
   159  00260E  07                 	db	7
   160  00260F  01                 	db	1
   161  002610  FE                 	db	254
   162  002611  05                 	db	5
   163  002612  03                 	db	3
   164  002613  06                 	db	6
   165  002614  01                 	db	1
   166  002615  FF                 	db	255
   167  002616  03                 	db	3
   168  002617  06                 	db	6
   169  002618  03                 	db	3
   170  002619  FF                 	db	255
   171  00261A  00                 	db	0
   172  00261B  02                 	db	2
   173  00261C  FE                 	db	254
   174  00261D  05                 	db	5
   175  00261E  03                 	db	3
   176  00261F  02                 	db	2
   177  002620  03                 	db	3
   178  002621  FF                 	db	255
   179  002622  03                 	db	3
   180  002623  02                 	db	2
   181  002624  FE                 	db	254
   182  002625  02                 	db	2
   183                           
   184                           	psect	idataBANK1
   185  002754                     __pidataBANK1:
   186                           	callstack 0
   187                           
   188                           ;initializer for _blocks_digits
   189  002754  FF                 	db	255
   190  002755  FF                 	db	255
   191  002756  FF                 	db	255
   192  002757  FF                 	db	255
   193  002758  FE                 	db	254
   194  002759  FF                 	db	255
   195  00275A  FE                 	db	254
   196  00275B  FF                 	db	255
   197  00275C  00                 	db	0
   198  00275D  FF                 	db	255
   199  00275E  FF                 	db	255
   200  00275F  01                 	db	1
   201  002760  00                 	db	0
   202  002761  FF                 	db	255
   203  002762  01                 	db	1
   204  002763  FF                 	db	255
   205  002764  FF                 	db	255
   206  002765  01                 	db	1
   207  002766  FE                 	db	254
   208  002767  FF                 	db	255
   209  002768  FF                 	db	255
   210  002769  00                 	db	0
   211  00276A  01                 	db	1
   212  00276B  FF                 	db	255
   213  00276C  FF                 	db	255
   214  00276D  00                 	db	0
   215  00276E  FF                 	db	255
   216  00276F  FF                 	db	255
   217  002770  00                 	db	0
   218  002771  FF                 	db	255
   219  002772  FE                 	db	254
   220  002773  FF                 	db	255
   221  002774  02                 	db	2
   222  002775  02                 	db	2
   223  002776  03                 	db	3
   224  002777  03                 	db	3
   225  002778  FF                 	db	255
   226  002779  FF                 	db	255
   227  00277A  01                 	db	1
   228  00277B  FF                 	db	255
   229                           
   230                           	psect	smallconst
   231  000800                     __psmallconst:
   232                           	callstack 0
   233  000800  00                 	db	0
   234  000801                     _blocks_chars:
   235                           	callstack 0
   236  000801  1F                 	db	31
   237  000802  1F                 	db	31
   238  000803  1F                 	db	31
   239  000804  1F                 	db	31
   240  000805  00                 	db	0
   241  000806  00                 	db	0
   242  000807  00                 	db	0
   243  000808  00                 	db	0
   244  000809  00                 	db	0
   245  00080A  00                 	db	0
   246  00080B  00                 	db	0
   247  00080C  00                 	db	0
   248  00080D  1F                 	db	31
   249  00080E  1F                 	db	31
   250  00080F  1F                 	db	31
   251  000810  1F                 	db	31
   252  000811  1F                 	db	31
   253  000812  1F                 	db	31
   254  000813  1F                 	db	31
   255  000814  1F                 	db	31
   256  000815  1F                 	db	31
   257  000816  1F                 	db	31
   258  000817  1F                 	db	31
   259  000818  00                 	db	0
   260  000819  00                 	db	0
   261  00081A  1F                 	db	31
   262  00081B  1F                 	db	31
   263  00081C  1F                 	db	31
   264  00081D  1F                 	db	31
   265  00081E  1F                 	db	31
   266  00081F  1F                 	db	31
   267  000820  1F                 	db	31
   268  000821  00                 	db	0
   269  000822  00                 	db	0
   270  000823  00                 	db	0
   271  000824  00                 	db	0
   272  000825  00                 	db	0
   273  000826  00                 	db	0
   274  000827  00                 	db	0
   275  000828  00                 	db	0
   276  000829  00                 	db	0
   277  00082A  00                 	db	0
   278  00082B  00                 	db	0
   279  00082C  00                 	db	0
   280  00082D  00                 	db	0
   281  00082E  00                 	db	0
   282  00082F  00                 	db	0
   283  000830  00                 	db	0
   284  000831  00                 	db	0
   285  000832  00                 	db	0
   286  000833  00                 	db	0
   287  000834  00                 	db	0
   288  000835  00                 	db	0
   289  000836  00                 	db	0
   290  000837  00                 	db	0
   291  000838  00                 	db	0
   292  000839  00                 	db	0
   293  00083A  00                 	db	0
   294  00083B  00                 	db	0
   295  00083C  00                 	db	0
   296  00083D  00                 	db	0
   297  00083E  00                 	db	0
   298  00083F  00                 	db	0
   299  000840  00                 	db	0
   300  000841                     __end_of_blocks_chars:
   301                           	callstack 0
   302  000841                     _square_four_chars:
   303                           	callstack 0
   304  000841  1F                 	db	31
   305  000842  1F                 	db	31
   306  000843  1C                 	db	28
   307  000844  1C                 	db	28
   308  000845  00                 	db	0
   309  000846  00                 	db	0
   310  000847  00                 	db	0
   311  000848  00                 	db	0
   312  000849  00                 	db	0
   313  00084A  00                 	db	0
   314  00084B  00                 	db	0
   315  00084C  00                 	db	0
   316  00084D  1C                 	db	28
   317  00084E  1C                 	db	28
   318  00084F  1F                 	db	31
   319  000850  1F                 	db	31
   320  000851  1F                 	db	31
   321  000852  1F                 	db	31
   322  000853  0F                 	db	15
   323  000854  0F                 	db	15
   324  000855  0F                 	db	15
   325  000856  0F                 	db	15
   326  000857  1F                 	db	31
   327  000858  1F                 	db	31
   328  000859  1F                 	db	31
   329  00085A  1F                 	db	31
   330  00085B  1E                 	db	30
   331  00085C  1E                 	db	30
   332  00085D  1E                 	db	30
   333  00085E  1E                 	db	30
   334  00085F  1F                 	db	31
   335  000860  1F                 	db	31
   336  000861  01                 	db	1
   337  000862  03                 	db	3
   338  000863  07                 	db	7
   339  000864  0F                 	db	15
   340  000865  00                 	db	0
   341  000866  00                 	db	0
   342  000867  00                 	db	0
   343  000868  00                 	db	0
   344  000869  1E                 	db	30
   345  00086A  1E                 	db	30
   346  00086B  1E                 	db	30
   347  00086C  1E                 	db	30
   348  00086D  1E                 	db	30
   349  00086E  1E                 	db	30
   350  00086F  1E                 	db	30
   351  000870  1E                 	db	30
   352  000871  1F                 	db	31
   353  000872  1F                 	db	31
   354  000873  00                 	db	0
   355  000874  00                 	db	0
   356  000875  00                 	db	0
   357  000876  00                 	db	0
   358  000877  1F                 	db	31
   359  000878  1F                 	db	31
   360  000879  1E                 	db	30
   361  00087A  1E                 	db	30
   362  00087B  1E                 	db	30
   363  00087C  1E                 	db	30
   364  00087D  1E                 	db	30
   365  00087E  1E                 	db	30
   366  00087F  1F                 	db	31
   367  000880  1F                 	db	31
   368  000881                     __end_of_square_four_chars:
   369                           	callstack 0
   370  000881                     _tron_bold_chars:
   371                           	callstack 0
   372  000881  1F                 	db	31
   373  000882  18                 	db	24
   374  000883  00                 	db	0
   375  000884  00                 	db	0
   376  000885  00                 	db	0
   377  000886  00                 	db	0
   378  000887  00                 	db	0
   379  000888  00                 	db	0
   380  000889  00                 	db	0
   381  00088A  00                 	db	0
   382  00088B  00                 	db	0
   383  00088C  00                 	db	0
   384  00088D  00                 	db	0
   385  00088E  00                 	db	0
   386  00088F  18                 	db	24
   387  000890  1F                 	db	31
   388  000891  1F                 	db	31
   389  000892  07                 	db	7
   390  000893  07                 	db	7
   391  000894  07                 	db	7
   392  000895  07                 	db	7
   393  000896  07                 	db	7
   394  000897  07                 	db	7
   395  000898  07                 	db	7
   396  000899  1F                 	db	31
   397  00089A  1C                 	db	28
   398  00089B  1C                 	db	28
   399  00089C  1C                 	db	28
   400  00089D  1C                 	db	28
   401  00089E  1C                 	db	28
   402  00089F  1C                 	db	28
   403  0008A0  1F                 	db	31
   404  0008A1  1F                 	db	31
   405  0008A2  1C                 	db	28
   406  0008A3  1C                 	db	28
   407  0008A4  1C                 	db	28
   408  0008A5  1C                 	db	28
   409  0008A6  1C                 	db	28
   410  0008A7  1C                 	db	28
   411  0008A8  1C                 	db	28
   412  0008A9  1C                 	db	28
   413  0008AA  1C                 	db	28
   414  0008AB  1C                 	db	28
   415  0008AC  1C                 	db	28
   416  0008AD  1C                 	db	28
   417  0008AE  1C                 	db	28
   418  0008AF  1C                 	db	28
   419  0008B0  1C                 	db	28
   420  0008B1  1F                 	db	31
   421  0008B2  00                 	db	0
   422  0008B3  00                 	db	0
   423  0008B4  00                 	db	0
   424  0008B5  00                 	db	0
   425  0008B6  00                 	db	0
   426  0008B7  00                 	db	0
   427  0008B8  1F                 	db	31
   428  0008B9  1C                 	db	28
   429  0008BA  1C                 	db	28
   430  0008BB  1C                 	db	28
   431  0008BC  1C                 	db	28
   432  0008BD  1C                 	db	28
   433  0008BE  1C                 	db	28
   434  0008BF  1C                 	db	28
   435  0008C0  1F                 	db	31
   436  0008C1                     __end_of_tron_bold_chars:
   437                           	callstack 0
   438  0008C1  0000               	dw	0
   439  0008C3  3C0C               	dw	15372
   440  0008C5                     __end_of_bit_voltaje:
   441                           	callstack 0
   442  0000                     _OSCTUNE	set	14814
   443  0000                     _OSCFRQ	set	14815
   444  0000                     _ADCON0	set	16120
   445  0000                     _ADCON1	set	16121
   446  0000                     _ADPREH	set	16119
   447  0000                     _ADPREL	set	16118
   448  0000                     _ADCAP	set	16117
   449  0000                     _ADACQH	set	16116
   450  0000                     _ADCON0bits	set	16120
   451  0000                     _OSCCON1	set	14809
   452  0000                     _ANSELA	set	14912
   453  0000                     _FVRCON	set	16065
   454  0000                     _ADLTHL	set	16094
   455  0000                     _TRISA	set	16322
   456  0000                     _PORTA	set	16330
   457  0000                     _PORTC	set	16332
   458  0000                     _PORTB	set	16331
   459  0000                     _TRISC	set	16324
   460  0000                     _TRISB	set	16323
   461  0000                     _ADSTPTL	set	16100
   462  0000                     _ADUTHH	set	16097
   463  0000                     _ADUTHL	set	16096
   464  0000                     _ADLTHH	set	16095
   465  0000                     _ADACCU	set	16106
   466  0000                     _ADSTPTH	set	16101
   467  0000                     _ADRPT	set	16108
   468  0000                     _ADRESL	set	16111
   469  0000                     _ADRESH	set	16112
   470  0000                     _ADPCH	set	16113
   471  0000                     _ADACQL	set	16115
   472  0000                     _LATA	set	16314
   473  0000                     _ADCLK	set	16127
   474  0000                     _ADACT	set	16126
   475  0000                     _ADREF	set	16125
   476  0000                     _ADSTAT	set	16124
   477  0000                     _ADCON3	set	16123
   478  0000                     _ADCON2	set	16122
   479  0000                     _ANSELB	set	14928
   480  0000                     _ANSELC	set	14944
   481  0000                     _LATC	set	16316
   482  0000                     _LATB	set	16315
   483  0000                     _OSCCON3	set	14811
   484  0000                     _OSCEN	set	14813
   485  0008C5                     STR_1:
   486                           
   487                           ; BSR set to: 62
   488  0008C5  4D                 	db	77	;'M'
   489  0008C6  72                 	db	114	;'r'
   490  0008C7  43                 	db	67	;'C'
   491  0008C8  68                 	db	104	;'h'
   492  0008C9  75                 	db	117	;'u'
   493  0008CA  6E                 	db	110	;'n'
   494  0008CB  63                 	db	99	;'c'
   495  0008CC  6B                 	db	107	;'k'
   496  0008CD  75                 	db	117	;'u'
   497  0008CE  65                 	db	101	;'e'
   498  0008CF  65                 	db	101	;'e'
   499  0008D0  21                 	db	33
   500  0008D1  21                 	db	33
   501  0008D2  00                 	db	0
   502  0008D3                     STR_2:
   503                           
   504                           ; BSR set to: 62
   505  0008D3  41                 	db	65	;'A'
   506  0008D4  44                 	db	68	;'D'
   507  0008D5  43                 	db	67	;'C'
   508  0008D6  20                 	db	32
   509  0008D7  56                 	db	86	;'V'
   510  0008D8  6F                 	db	111	;'o'
   511  0008D9  6C                 	db	108	;'l'
   512  0008DA  6D                 	db	109	;'m'
   513  0008DB  65                 	db	101	;'e'
   514  0008DC  74                 	db	116	;'t'
   515  0008DD  65                 	db	101	;'e'
   516  0008DE  72                 	db	114	;'r'
   517  0008DF  00                 	db	0
   518  0008E0                     STR_3:
   519                           
   520                           ; BSR set to: 62
   521  0008E0  56                 	db	86	;'V'
   522  0008E1  44                 	db	68	;'D'
   523  0008E2  43                 	db	67	;'C'
   524  0008E3  00                 	db	0
   525  0008E4  00                 	db	0	; dummy byte at the end
   526  0000                     
   527                           ; #config settings
   528                           
   529                           	psect	cinit
   530  0022FE                     __pcinit:
   531                           	callstack 0
   532  0022FE                     start_initialization:
   533                           	callstack 0
   534  0022FE                     __initialization:
   535                           	callstack 0
   536                           
   537                           ; Initialize objects allocated to BANK1 (40 bytes)
   538                           ; load TBLPTR registers with __pidataBANK1
   539  0022FE  0E54               	movlw	low __pidataBANK1
   540  002300  6EF6               	movwf	tblptrl,c
   541  002302  0E27               	movlw	high __pidataBANK1
   542  002304  6EF7               	movwf	tblptrh,c
   543  002306  0E00               	movlw	low (__pidataBANK1 shr (0+16))
   544  002308  6EF8               	movwf	tblptru,c
   545  00230A  EE00  F128         	lfsr	0,__pdataBANK1
   546  00230E  EE10 F028          	lfsr	1,40
   547  002312                     copy_data0:
   548  002312  0009               	tblrd		*+
   549  002314  006F FFD7 FFEE     	movff	tablat,postinc0
   550  00231A  50E5               	movf	postdec1,w,c
   551  00231C  50E1               	movf	fsr1l,w,c
   552  00231E  E1F9               	bnz	copy_data0
   553                           
   554                           ; Initialize objects allocated to BANK0 (90 bytes)
   555                           ; load TBLPTR registers with __pidataBANK0
   556  002320  0ECC               	movlw	low __pidataBANK0
   557  002322  6EF6               	movwf	tblptrl,c
   558  002324  0E25               	movlw	high __pidataBANK0
   559  002326  6EF7               	movwf	tblptrh,c
   560  002328  0E00               	movlw	low (__pidataBANK0 shr (0+16))
   561  00232A  6EF8               	movwf	tblptru,c
   562  00232C  EE00  F060         	lfsr	0,__pdataBANK0
   563  002330  EE10 F05A          	lfsr	1,90
   564  002334                     copy_data1:
   565  002334  0009               	tblrd		*+
   566  002336  006F FFD7 FFEE     	movff	tablat,postinc0
   567  00233C  50E5               	movf	postdec1,w,c
   568  00233E  50E1               	movf	fsr1l,w,c
   569  002340  E1F9               	bnz	copy_data1
   570                           
   571                           ; Clear objects allocated to BANK1 (40 bytes)
   572  002342  EE00  F100         	lfsr	0,__pbssBANK1
   573  002346  0E28               	movlw	40
   574  002348                     clear_0:
   575  002348  6AEE               	clrf	postinc0,c
   576  00234A  06E8               	decf	wreg,f,c
   577  00234C  E1FD               	bnz	clear_0
   578                           
   579                           ; Clear objects allocated to BANK0 (25 bytes)
   580  00234E  EE00  F0D8         	lfsr	0,__pbssBANK0
   581  002352  0E19               	movlw	25
   582  002354                     clear_1:
   583  002354  6AEE               	clrf	postinc0,c
   584  002356  06E8               	decf	wreg,f,c
   585  002358  E1FD               	bnz	clear_1
   586                           
   587                           ; Clear objects allocated to COMRAM (16 bytes)
   588  00235A  EE00  F050         	lfsr	0,__pbssCOMRAM
   589  00235E  0E10               	movlw	16
   590  002360                     clear_2:
   591  002360  6AEE               	clrf	postinc0,c
   592  002362  06E8               	decf	wreg,f,c
   593  002364  E1FD               	bnz	clear_2
   594  002366                     end_of_initialization:
   595                           	callstack 0
   596  002366                     __end_of__initialization:
   597                           	callstack 0
   598  002366  0E00               	movlw	low (__Lmediumconst shr (0+16))
   599  002368  6EF8               	movwf	tblptru,c
   600  00236A  0100               	movlb	0
   601  00236C  EF9F  F00E         	goto	_main	;jump to C main() function
   602                           
   603                           	psect	bssCOMRAM
   604  000050                     __pbssCOMRAM:
   605                           	callstack 0
   606  000050                     _LCDisplay:
   607                           	callstack 0
   608  000050                     	ds	10
   609  00005A                     _sensor_adcVoltage:
   610                           	callstack 0
   611  00005A                     	ds	2
   612  00005C                     _current_digits:
   613                           	callstack 0
   614  00005C                     	ds	2
   615  00005E                     _sensor_avgCounter:
   616                           	callstack 0
   617  00005E                     	ds	1
   618  00005F                     _sensor_ready:
   619                           	callstack 0
   620  00005F                     	ds	1
   621                           
   622                           	psect	bssBANK0
   623  0000D8                     __pbssBANK0:
   624                           	callstack 0
   625  0000D8                     _lcdNumber:
   626                           	callstack 0
   627  0000D8                     	ds	15
   628  0000E7                     _voltaje:
   629                           	callstack 0
   630  0000E7                     	ds	4
   631  0000EB                     _sensor_avgVoltage:
   632                           	callstack 0
   633  0000EB                     	ds	2
   634  0000ED                     _sensor_sumVoltage:
   635                           	callstack 0
   636  0000ED                     	ds	2
   637  0000EF                     _adcValue:
   638                           	callstack 0
   639  0000EF                     	ds	2
   640                           
   641                           	psect	dataBANK0
   642  000060                     __pdataBANK0:
   643                           	callstack 0
   644  000060                     _LCD:
   645                           	callstack 0
   646  000060                     	ds	10
   647  00006A                     _square_four_digits:
   648                           	callstack 0
   649  00006A                     	ds	40
   650  000092                     _tron_bold_digits:
   651                           	callstack 0
   652  000092                     	ds	40
   653                           
   654                           	psect	bssBANK1
   655  000100                     __pbssBANK1:
   656                           	callstack 0
   657  000100                     _buffer_salida:
   658                           	callstack 0
   659  000100                     	ds	40
   660                           
   661                           	psect	dataBANK1
   662  000128                     __pdataBANK1:
   663                           	callstack 0
   664  000128                     _blocks_digits:
   665                           	callstack 0
   666  000128                     	ds	40
   667                           
   668                           	psect	cstackBANK0
   669  0000BA                     __pcstackBANK0:
   670                           	callstack 0
   671  0000BA                     DISPLAY_ShowFloatValue@digits:
   672                           	callstack 0
   673                           
   674                           ; 5 bytes @ 0x0
   675  0000BA                     	ds	5
   676  0000BF                     DISPLAY_ShowFloatValue@drawing_active:
   677                           	callstack 0
   678                           
   679                           ; 1 bytes @ 0x5
   680  0000BF                     	ds	1
   681  0000C0                     DISPLAY_ShowFloatValue@count:
   682                           	callstack 0
   683                           
   684                           ; 1 bytes @ 0x6
   685  0000C0                     	ds	1
   686  0000C1                     DISPLAY_ShowFloatValue@i:
   687                           	callstack 0
   688                           
   689                           ; 1 bytes @ 0x7
   690  0000C1                     	ds	1
   691  0000C2                     DISPLAY_ShowFloatValue@scale_factor:
   692                           	callstack 0
   693                           
   694                           ; 4 bytes @ 0x8
   695  0000C2                     	ds	4
   696  0000C6                     DISPLAY_ShowFloatValue@temp:
   697                           	callstack 0
   698                           
   699                           ; 4 bytes @ 0xC
   700  0000C6                     	ds	4
   701  0000CA                     DISPLAY_ShowFloatValue@scaled_value:
   702                           	callstack 0
   703                           
   704                           ; 4 bytes @ 0x10
   705  0000CA                     	ds	4
   706  0000CE                     DISPLAY_ShowFloatValue@digit_value:
   707                           	callstack 0
   708                           
   709                           ; 1 bytes @ 0x14
   710  0000CE                     	ds	1
   711  0000CF                     DISPLAY_ShowFloatValue@num_integer_digits:
   712                           	callstack 0
   713                           
   714                           ; 1 bytes @ 0x15
   715  0000CF                     	ds	1
   716  0000D0                     DISPLAY_ShowFloatValue@num_decimal_digits:
   717                           	callstack 0
   718                           
   719                           ; 1 bytes @ 0x16
   720  0000D0                     	ds	1
   721  0000D1                     DISPLAY_ShowFloatValue@i_334:
   722                           	callstack 0
   723                           
   724                           ; 2 bytes @ 0x17
   725  0000D1                     	ds	2
   726  0000D3                     DISPLAY_ShowFloatValue@j:
   727                           	callstack 0
   728                           
   729                           ; 2 bytes @ 0x19
   730  0000D3                     	ds	2
   731  0000D5                     DISPLAY_ShowFloatValue@digit_index:
   732                           	callstack 0
   733                           
   734                           ; 1 bytes @ 0x1B
   735  0000D5                     	ds	1
   736  0000D6                     DISPLAY_ShowFloatValue@units_index:
   737                           	callstack 0
   738                           
   739                           ; 1 bytes @ 0x1C
   740  0000D6                     	ds	1
   741  0000D7                     DISPLAY_ShowFloatValue@current_col:
   742                           	callstack 0
   743                           
   744                           ; 1 bytes @ 0x1D
   745  0000D7                     	ds	1
   746                           
   747                           	psect	cstackCOMRAM
   748  000001                     __pcstackCOMRAM:
   749                           	callstack 0
   750  000001                     ??_LCD_Out:
   751  000001                     ?_ADC_GetSingleConversion:
   752                           	callstack 0
   753  000001                     ?___lwdiv:
   754                           	callstack 0
   755  000001                     ?___lmul:
   756                           	callstack 0
   757  000001                     ?___lldiv:
   758                           	callstack 0
   759  000001                     ?___llmod:
   760                           	callstack 0
   761  000001                     ?___xxtofl:
   762                           	callstack 0
   763  000001                     ___lwdiv@dividend:
   764                           	callstack 0
   765  000001                     memcpy@d1:
   766                           	callstack 0
   767  000001                     ___lmul@multiplier:
   768                           	callstack 0
   769  000001                     ___lldiv@dividend:
   770                           	callstack 0
   771  000001                     ___flge@ff1:
   772                           	callstack 0
   773  000001                     ___llmod@dividend:
   774                           	callstack 0
   775  000001                     ___xxtofl@val:
   776                           	callstack 0
   777                           
   778                           ; 4 bytes @ 0x0
   779  000001                     	ds	2
   780  000003                     ??_ADC_GetSingleConversion:
   781  000003                     ___lwdiv@divisor:
   782                           	callstack 0
   783  000003                     memcpy@s1:
   784                           	callstack 0
   785                           
   786                           ; 2 bytes @ 0x2
   787  000003                     	ds	2
   788  000005                     ??___xxtofl:
   789  000005                     ADC_GetSingleConversion@channel:
   790                           	callstack 0
   791  000005                     ___lwdiv@quotient:
   792                           	callstack 0
   793  000005                     memcpy@n:
   794                           	callstack 0
   795  000005                     ___lmul@multiplicand:
   796                           	callstack 0
   797  000005                     ___lldiv@divisor:
   798                           	callstack 0
   799  000005                     ___flge@ff2:
   800                           	callstack 0
   801  000005                     ___llmod@divisor:
   802                           	callstack 0
   803                           
   804                           ; 4 bytes @ 0x4
   805  000005                     	ds	2
   806  000007                     ___lwdiv@counter:
   807                           	callstack 0
   808  000007                     memcpy@d:
   809                           	callstack 0
   810                           
   811                           ; 2 bytes @ 0x6
   812  000007                     	ds	2
   813  000009                     ??___flge:
   814  000009                     ___llmod@counter:
   815                           	callstack 0
   816  000009                     ___xxtofl@sign:
   817                           	callstack 0
   818  000009                     memcpy@s:
   819                           	callstack 0
   820  000009                     ___lmul@product:
   821                           	callstack 0
   822  000009                     ___lldiv@quotient:
   823                           	callstack 0
   824                           
   825                           ; 4 bytes @ 0x8
   826  000009                     	ds	1
   827  00000A                     LCD_Out@c:
   828                           	callstack 0
   829  00000A                     ___xxtofl@exp:
   830                           	callstack 0
   831                           
   832                           ; 1 bytes @ 0x9
   833  00000A                     	ds	1
   834  00000B                     ??_LCD_Write:
   835  00000B                     memcpy@tmp:
   836                           	callstack 0
   837  00000B                     ___xxtofl@arg:
   838                           	callstack 0
   839                           
   840                           ; 4 bytes @ 0xA
   841  00000B                     	ds	2
   842  00000D                     ___lldiv@counter:
   843                           	callstack 0
   844                           
   845                           ; 1 bytes @ 0xC
   846  00000D                     	ds	1
   847  00000E                     LCD_Write@data:
   848                           	callstack 0
   849                           
   850                           ; 1 bytes @ 0xD
   851  00000E                     	ds	1
   852  00000F                     ??_LCD_Command:
   853  00000F                     ??_LCD_putc:
   854  00000F                     ?___flmul:
   855                           	callstack 0
   856  00000F                     ___flmul@b:
   857                           	callstack 0
   858                           
   859                           ; 4 bytes @ 0xE
   860  00000F                     	ds	2
   861  000011                     LCD_putc@c:
   862                           	callstack 0
   863                           
   864                           ; 1 bytes @ 0x10
   865  000011                     	ds	1
   866  000012                     LCD_Command@cmd:
   867                           	callstack 0
   868  000012                     LCD_puts@a:
   869                           	callstack 0
   870                           
   871                           ; 2 bytes @ 0x11
   872  000012                     	ds	1
   873  000013                     LCD_DrawBigDigit@xpos:
   874                           	callstack 0
   875  000013                     LCD_createChar@charmap:
   876                           	callstack 0
   877  000013                     ___flmul@a:
   878                           	callstack 0
   879  000013                     LCD_Init@display:
   880                           	callstack 0
   881                           
   882                           ; 10 bytes @ 0x12
   883  000013                     	ds	1
   884  000014                     ??_LCD_puts:
   885  000014                     LCD_DrawBigDigit@ypos:
   886                           	callstack 0
   887                           
   888                           ; 1 bytes @ 0x13
   889  000014                     	ds	1
   890  000015                     ??_LCD_createChar:
   891  000015                     ??_LCD_DrawBigDigit:
   892                           
   893                           ; 1 bytes @ 0x14
   894  000015                     	ds	1
   895  000016                     LCD_createChar@location:
   896                           	callstack 0
   897  000016                     LCD_puts@i:
   898                           	callstack 0
   899                           
   900                           ; 2 bytes @ 0x15
   901  000016                     	ds	1
   902  000017                     ??___flmul:
   903  000017                     LCD_DrawBigDigit@digit:
   904                           	callstack 0
   905  000017                     LCD_createChar@i:
   906                           	callstack 0
   907                           
   908                           ; 1 bytes @ 0x16
   909  000017                     	ds	1
   910  000018                     ??_LCD_SetFont:
   911                           
   912                           ; 1 bytes @ 0x17
   913  000018                     	ds	2
   914  00001A                     LCD_SetFont@buffer:
   915                           	callstack 0
   916                           
   917                           ; 8 bytes @ 0x19
   918  00001A                     	ds	1
   919  00001B                     ___flmul@sign:
   920                           	callstack 0
   921                           
   922                           ; 1 bytes @ 0x1A
   923  00001B                     	ds	1
   924  00001C                     ___flmul@grs:
   925                           	callstack 0
   926                           
   927                           ; 4 bytes @ 0x1B
   928  00001C                     	ds	1
   929  00001D                     ??_LCD_Init:
   930                           
   931                           ; 1 bytes @ 0x1C
   932  00001D                     	ds	3
   933  000020                     ___flmul@aexp:
   934                           	callstack 0
   935                           
   936                           ; 1 bytes @ 0x1F
   937  000020                     	ds	1
   938  000021                     ___flmul@bexp:
   939                           	callstack 0
   940                           
   941                           ; 1 bytes @ 0x20
   942  000021                     	ds	1
   943  000022                     LCD_SetFont@FONT:
   944                           	callstack 0
   945  000022                     ___flmul@prod:
   946                           	callstack 0
   947                           
   948                           ; 4 bytes @ 0x21
   949  000022                     	ds	1
   950  000023                     LCD_SetFont@char_data:
   951                           	callstack 0
   952                           
   953                           ; 2 bytes @ 0x22
   954  000023                     	ds	2
   955  000025                     LCD_SetFont@i:
   956                           	callstack 0
   957                           
   958                           ; 1 bytes @ 0x24
   959  000025                     	ds	1
   960  000026                     ___flmul@temp:
   961                           	callstack 0
   962                           
   963                           ; 2 bytes @ 0x25
   964  000026                     	ds	2
   965  000028                     ?___fladd:
   966                           	callstack 0
   967  000028                     ___fladd@b:
   968                           	callstack 0
   969                           
   970                           ; 4 bytes @ 0x27
   971  000028                     	ds	2
   972  00002A                     LCD_Init@cmd:
   973                           	callstack 0
   974                           
   975                           ; 1 bytes @ 0x29
   976  00002A                     	ds	1
   977  00002B                     ??_LCD_Initialize:
   978                           
   979                           ; 1 bytes @ 0x2A
   980  00002B                     	ds	1
   981  00002C                     ___fladd@a:
   982                           	callstack 0
   983                           
   984                           ; 4 bytes @ 0x2B
   985  00002C                     	ds	4
   986  000030                     ??___fladd:
   987                           
   988                           ; 1 bytes @ 0x2F
   989  000030                     	ds	4
   990  000034                     ___fladd@signs:
   991                           	callstack 0
   992                           
   993                           ; 1 bytes @ 0x33
   994  000034                     	ds	1
   995  000035                     ___fladd@aexp:
   996                           	callstack 0
   997                           
   998                           ; 1 bytes @ 0x34
   999  000035                     	ds	1
  1000  000036                     ___fladd@bexp:
  1001                           	callstack 0
  1002                           
  1003                           ; 1 bytes @ 0x35
  1004  000036                     	ds	1
  1005  000037                     ___fladd@grs:
  1006                           	callstack 0
  1007                           
  1008                           ; 1 bytes @ 0x36
  1009  000037                     	ds	1
  1010  000038                     ?___fltol:
  1011                           	callstack 0
  1012  000038                     ___fltol@f1:
  1013                           	callstack 0
  1014                           
  1015                           ; 4 bytes @ 0x37
  1016  000038                     	ds	4
  1017  00003C                     ??___fltol:
  1018                           
  1019                           ; 1 bytes @ 0x3B
  1020  00003C                     	ds	4
  1021  000040                     ___fltol@sign1:
  1022                           	callstack 0
  1023                           
  1024                           ; 1 bytes @ 0x3F
  1025  000040                     	ds	1
  1026  000041                     ___fltol@exp1:
  1027                           	callstack 0
  1028                           
  1029                           ; 1 bytes @ 0x40
  1030  000041                     	ds	1
  1031  000042                     DISPLAY_ShowFloatValue@value:
  1032                           	callstack 0
  1033                           
  1034                           ; 4 bytes @ 0x41
  1035  000042                     	ds	4
  1036  000046                     DISPLAY_ShowFloatValue@start_row:
  1037                           	callstack 0
  1038                           
  1039                           ; 1 bytes @ 0x45
  1040  000046                     	ds	1
  1041  000047                     DISPLAY_ShowFloatValue@start_col:
  1042                           	callstack 0
  1043                           
  1044                           ; 1 bytes @ 0x46
  1045  000047                     	ds	1
  1046  000048                     ??_DISPLAY_ShowFloatValue:
  1047                           
  1048                           ; 1 bytes @ 0x47
  1049  000048                     	ds	6
  1050  00004E                     ??_main:
  1051                           
  1052                           ; 1 bytes @ 0x4D
  1053  00004E                     	ds	2
  1054                           
  1055 ;;
  1056 ;;Main: autosize = 0, tempsize = 2, incstack = 0, save=0
  1057 ;;
  1058 ;; *************** function _main *****************
  1059 ;; Defined at:
  1060 ;;		line 63 in file "main.c"
  1061 ;; Parameters:    Size  Location     Type
  1062 ;;		None
  1063 ;; Auto vars:     Size  Location     Type
  1064 ;;		None
  1065 ;; Return value:  Size  Location     Type
  1066 ;;                  1    wreg      void 
  1067 ;; Registers used:
  1068 ;;		wreg, fsr0l, fsr0h, fsr1l, fsr1h, fsr2l, fsr2h, status,2, status,0, tblptrl, tblptrh, tblptru, prodl, prodh, cstack
  1069 ;; Tracked objects:
  1070 ;;		On entry : 0/0
  1071 ;;		On exit  : 0/0
  1072 ;;		Unchanged: 0/0
  1073 ;; Data sizes:     COMRAM   BANK0   BANK1   BANK2   BANK3   BANK4   BANK5   BANK6   BANK7
  1074 ;;      Params:         0       0       0       0       0       0       0       0       0
  1075 ;;      Locals:         0       0       0       0       0       0       0       0       0
  1076 ;;      Temps:          2       0       0       0       0       0       0       0       0
  1077 ;;      Totals:         2       0       0       0       0       0       0       0       0
  1078 ;;Total ram usage:        2 bytes
  1079 ;; Hardware stack levels required when called: 6
  1080 ;; This function calls:
  1081 ;;		_ADC_GetSingleConversion
  1082 ;;		_DISPLAY_ShowFloatValue
  1083 ;;		_LCD_Command
  1084 ;;		_LCD_Initialize
  1085 ;;		_LCD_puts
  1086 ;;		_SYSTEM_Initialize
  1087 ;;		___flmul
  1088 ;;		___lwdiv
  1089 ;;		___xxtofl
  1090 ;; This function is called by:
  1091 ;;		Startup code after reset
  1092 ;; This function uses a non-reentrant model
  1093 ;;
  1094                           
  1095                           	psect	text0
  1096  001D3E                     __ptext0:
  1097                           	callstack 0
  1098  001D3E                     _main:
  1099                           	callstack 25
  1100  001D3E                     
  1101                           ;main.c: 64:     SYSTEM_Initialize();
  1102  001D3E  ECCA  F013         	call	_SYSTEM_Initialize	;wreg free
  1103  001D42                     
  1104                           ;main.c: 65:     LCD_Initialize();
  1105  001D42  EC25  F012         	call	_LCD_Initialize	;wreg free
  1106  001D46                     l2895:
  1107                           
  1108                           ;main.c: 67:         sensor_adcVoltage = ADC_GetSingleConversion(0b010111);
  1109  001D46  0E17               	movlw	23
  1110  001D48  EC91  F013         	call	_ADC_GetSingleConversion
  1111  001D4C  C001  F05A         	movff	?_ADC_GetSingleConversion,_sensor_adcVoltage
  1112  001D50  C002  F05B         	movff	?_ADC_GetSingleConversion+1,_sensor_adcVoltage+1
  1113  001D54                     
  1114                           ;main.c: 68:         sensor_sumVoltage += sensor_adcVoltage;
  1115  001D54  505A               	movf	_sensor_adcVoltage^0,w,c
  1116  001D56  0100               	movlb	0	; () banked
  1117  001D58  27ED               	addwf	_sensor_sumVoltage& (0+255),f,b
  1118  001D5A  505B               	movf	(_sensor_adcVoltage+1)^0,w,c
  1119  001D5C  23EE               	addwfc	(_sensor_sumVoltage+1)& (0+255),f,b
  1120  001D5E                     
  1121                           ; BSR set to: 0
  1122                           ;main.c: 69:         sensor_avgCounter ++;
  1123  001D5E  2A5E               	incf	_sensor_avgCounter^0,f,c
  1124  001D60                     
  1125                           ; BSR set to: 0
  1126                           ;main.c: 70:         if(sensor_avgCounter > 10){
  1127  001D60  0E0A               	movlw	10
  1128  001D62  645E               	cpfsgt	_sensor_avgCounter^0,c
  1129  001D64  EFB6  F00E         	goto	u3131
  1130  001D68  EFB8  F00E         	goto	u3130
  1131  001D6C                     u3131:
  1132  001D6C  EFF1  F00E         	goto	l2913
  1133  001D70                     u3130:
  1134  001D70                     
  1135                           ; BSR set to: 0
  1136                           ;main.c: 71:             sensor_avgVoltage = sensor_sumVoltage / sensor_avgCounter;
  1137  001D70  C0ED  F001         	movff	_sensor_sumVoltage,___lwdiv@dividend
  1138  001D74  C0EE  F002         	movff	_sensor_sumVoltage+1,___lwdiv@dividend+1
  1139  001D78  C05E  F003         	movff	_sensor_avgCounter,___lwdiv@divisor
  1140  001D7C  6A04               	clrf	(___lwdiv@divisor+1)^0,c
  1141  001D7E  EC45  F011         	call	___lwdiv	;wreg free
  1142  001D82  C001  F0EB         	movff	?___lwdiv,_sensor_avgVoltage
  1143  001D86  C002  F0EC         	movff	?___lwdiv+1,_sensor_avgVoltage+1
  1144  001D8A                     
  1145                           ;main.c: 72:             sensor_avgCounter = 0;
  1146  001D8A  0E00               	movlw	0
  1147  001D8C  6E5E               	movwf	_sensor_avgCounter^0,c
  1148  001D8E                     
  1149                           ;main.c: 73:             sensor_sumVoltage = 0;
  1150  001D8E  0E00               	movlw	0
  1151  001D90  0100               	movlb	0	; () banked
  1152  001D92  6FEE               	movwf	(_sensor_sumVoltage+1)& (0+255),b
  1153  001D94  0E00               	movlw	0
  1154  001D96  6FED               	movwf	_sensor_sumVoltage& (0+255),b
  1155  001D98                     
  1156                           ; BSR set to: 0
  1157                           ;main.c: 74:             voltaje = bit_voltaje * sensor_avgVoltage;
  1158  001D98  C0EB  F001         	movff	_sensor_avgVoltage,___xxtofl@val
  1159  001D9C  C0EC  F002         	movff	_sensor_avgVoltage+1,___xxtofl@val+1
  1160  001DA0  6A03               	clrf	(___xxtofl@val+2)^0,c
  1161  001DA2  6A04               	clrf	(___xxtofl@val+3)^0,c
  1162  001DA4  0E00               	movlw	0
  1163  001DA6  EC19  F00D         	call	___xxtofl
  1164  001DAA  C001  F00F         	movff	?___xxtofl,___flmul@b
  1165  001DAE  C002  F010         	movff	?___xxtofl+1,___flmul@b+1
  1166  001DB2  C003  F011         	movff	?___xxtofl+2,___flmul@b+2
  1167  001DB6  C004  F012         	movff	?___xxtofl+3,___flmul@b+3
  1168  001DBA  0E00               	movlw	0
  1169  001DBC  6E13               	movwf	___flmul@a^0,c
  1170  001DBE  0E00               	movlw	0
  1171  001DC0  6E14               	movwf	(___flmul@a+1)^0,c
  1172  001DC2  0E0C               	movlw	12
  1173  001DC4  6E15               	movwf	(___flmul@a+2)^0,c
  1174  001DC6  0E3C               	movlw	60
  1175  001DC8  6E16               	movwf	(___flmul@a+3)^0,c
  1176  001DCA  EC13  F009         	call	___flmul	;wreg free
  1177  001DCE  C00F  F0E7         	movff	?___flmul,_voltaje
  1178  001DD2  C010  F0E8         	movff	?___flmul+1,_voltaje+1
  1179  001DD6  C011  F0E9         	movff	?___flmul+2,_voltaje+2
  1180  001DDA  C012  F0EA         	movff	?___flmul+3,_voltaje+3
  1181  001DDE                     
  1182                           ;main.c: 75:             sensor_ready = 1;
  1183  001DDE  0E01               	movlw	1
  1184  001DE0  6E5F               	movwf	_sensor_ready^0,c
  1185  001DE2                     l2913:
  1186                           
  1187                           ;main.c: 77:         voltaje = bit_voltaje * sensor_adcVoltage;
  1188  001DE2  C05A  F001         	movff	_sensor_adcVoltage,___xxtofl@val
  1189  001DE6  C05B  F002         	movff	_sensor_adcVoltage+1,___xxtofl@val+1
  1190  001DEA  6A03               	clrf	(___xxtofl@val+2)^0,c
  1191  001DEC  6A04               	clrf	(___xxtofl@val+3)^0,c
  1192  001DEE  0E00               	movlw	0
  1193  001DF0  EC19  F00D         	call	___xxtofl
  1194  001DF4  C001  F00F         	movff	?___xxtofl,___flmul@b
  1195  001DF8  C002  F010         	movff	?___xxtofl+1,___flmul@b+1
  1196  001DFC  C003  F011         	movff	?___xxtofl+2,___flmul@b+2
  1197  001E00  C004  F012         	movff	?___xxtofl+3,___flmul@b+3
  1198  001E04  0E00               	movlw	0
  1199  001E06  6E13               	movwf	___flmul@a^0,c
  1200  001E08  0E00               	movlw	0
  1201  001E0A  6E14               	movwf	(___flmul@a+1)^0,c
  1202  001E0C  0E0C               	movlw	12
  1203  001E0E  6E15               	movwf	(___flmul@a+2)^0,c
  1204  001E10  0E3C               	movlw	60
  1205  001E12  6E16               	movwf	(___flmul@a+3)^0,c
  1206  001E14  EC13  F009         	call	___flmul	;wreg free
  1207  001E18  C00F  F0E7         	movff	?___flmul,_voltaje
  1208  001E1C  C010  F0E8         	movff	?___flmul+1,_voltaje+1
  1209  001E20  C011  F0E9         	movff	?___flmul+2,_voltaje+2
  1210  001E24  C012  F0EA         	movff	?___flmul+3,_voltaje+3
  1211  001E28                     
  1212                           ;main.c: 78:         _delay((unsigned long)((100)*(8000000/4000.0)));
  1213  001E28  0E02               	movlw	2
  1214  001E2A  6E4F               	movwf	(??_main+1)^0,c
  1215  001E2C  0E04               	movlw	4
  1216  001E2E  6E4E               	movwf	??_main^0,c
  1217  001E30  0EBA               	movlw	186
  1218  001E32                     u3157:
  1219  001E32  2EE8               	decfsz	wreg,f,c
  1220  001E34  D7FE               	bra	u3157
  1221  001E36  2E4E               	decfsz	??_main^0,f,c
  1222  001E38  D7FC               	bra	u3157
  1223  001E3A  2E4F               	decfsz	(??_main+1)^0,f,c
  1224  001E3C  D7FA               	bra	u3157
  1225  001E3E  D000               	nop2	
  1226  001E40                     
  1227                           ;main.c: 80:         if(sensor_ready){
  1228  001E40  505F               	movf	_sensor_ready^0,w,c
  1229  001E42  B4D8               	btfsc	status,2,c
  1230  001E44  EF26  F00F         	goto	u3141
  1231  001E48  EF28  F00F         	goto	u3140
  1232  001E4C                     u3141:
  1233  001E4C  EFA3  F00E         	goto	l2895
  1234  001E50                     u3140:
  1235  001E50                     
  1236                           ;main.c: 81:             DISPLAY_ShowFloatValue(voltaje, 0, 0);
  1237  001E50  C0E7  F042         	movff	_voltaje,DISPLAY_ShowFloatValue@value
  1238  001E54  C0E8  F043         	movff	_voltaje+1,DISPLAY_ShowFloatValue@value+1
  1239  001E58  C0E9  F044         	movff	_voltaje+2,DISPLAY_ShowFloatValue@value+2
  1240  001E5C  C0EA  F045         	movff	_voltaje+3,DISPLAY_ShowFloatValue@value+3
  1241  001E60  0E00               	movlw	0
  1242  001E62  6E46               	movwf	DISPLAY_ShowFloatValue@start_row^0,c
  1243  001E64  0E00               	movlw	0
  1244  001E66  6E47               	movwf	DISPLAY_ShowFloatValue@start_col^0,c
  1245  001E68  ECD3  F006         	call	_DISPLAY_ShowFloatValue	;wreg free
  1246  001E6C  0E8D               	movlw	141
  1247  001E6E  EC36  F013         	call	_LCD_Command
  1248  001E72                     
  1249                           ;main.c: 83:             LCD_puts("VDC");
  1250  001E72  0EE0               	movlw	low STR_3
  1251  001E74  6E12               	movwf	LCD_puts@a^0,c
  1252  001E76  0E08               	movlw	high STR_3
  1253  001E78  6E13               	movwf	(LCD_puts@a+1)^0,c
  1254  001E7A  EC88  F012         	call	_LCD_puts	;wreg free
  1255  001E7E                     
  1256                           ;main.c: 84:             sensor_ready = 0;
  1257  001E7E  0E00               	movlw	0
  1258  001E80  6E5F               	movwf	_sensor_ready^0,c
  1259  001E82  EFA3  F00E         	goto	l2895
  1260  001E86  EFFE  F03F         	goto	start
  1261  001E8A                     __end_of_main:
  1262                           	callstack 0
  1263                           
  1264 ;; *************** function ___lwdiv *****************
  1265 ;; Defined at:
  1266 ;;		line 7 in file "C:\Program Files\Microchip\xc8\v2.36\pic\sources\c99\common\lwdiv.c"
  1267 ;; Parameters:    Size  Location     Type
  1268 ;;  dividend        2    0[COMRAM] unsigned int 
  1269 ;;  divisor         2    2[COMRAM] unsigned int 
  1270 ;; Auto vars:     Size  Location     Type
  1271 ;;  quotient        2    4[COMRAM] unsigned int 
  1272 ;;  counter         1    6[COMRAM] unsigned char 
  1273 ;; Return value:  Size  Location     Type
  1274 ;;                  2    0[COMRAM] unsigned int 
  1275 ;; Registers used:
  1276 ;;		wreg, status,2, status,0
  1277 ;; Tracked objects:
  1278 ;;		On entry : 0/0
  1279 ;;		On exit  : 0/0
  1280 ;;		Unchanged: 0/0
  1281 ;; Data sizes:     COMRAM   BANK0   BANK1   BANK2   BANK3   BANK4   BANK5   BANK6   BANK7
  1282 ;;      Params:         4       0       0       0       0       0       0       0       0
  1283 ;;      Locals:         3       0       0       0       0       0       0       0       0
  1284 ;;      Temps:          0       0       0       0       0       0       0       0       0
  1285 ;;      Totals:         7       0       0       0       0       0       0       0       0
  1286 ;;Total ram usage:        7 bytes
  1287 ;; Hardware stack levels used: 1
  1288 ;; This function calls:
  1289 ;;		Nothing
  1290 ;; This function is called by:
  1291 ;;		_main
  1292 ;; This function uses a non-reentrant model
  1293 ;;
  1294                           
  1295                           	psect	text1
  1296  00228A                     __ptext1:
  1297                           	callstack 0
  1298  00228A                     ___lwdiv:
  1299                           	callstack 30
  1300  00228A  0E00               	movlw	0
  1301  00228C  6E06               	movwf	(___lwdiv@quotient+1)^0,c
  1302  00228E  0E00               	movlw	0
  1303  002290  6E05               	movwf	___lwdiv@quotient^0,c
  1304  002292  5003               	movf	___lwdiv@divisor^0,w,c
  1305  002294  1004               	iorwf	(___lwdiv@divisor+1)^0,w,c
  1306  002296  B4D8               	btfsc	status,2,c
  1307  002298  EF50  F011         	goto	u3091
  1308  00229C  EF52  F011         	goto	u3090
  1309  0022A0                     u3091:
  1310  0022A0  EF7A  F011         	goto	l859
  1311  0022A4                     u3090:
  1312  0022A4  0E01               	movlw	1
  1313  0022A6  6E07               	movwf	___lwdiv@counter^0,c
  1314  0022A8  EF5A  F011         	goto	l2869
  1315  0022AC                     l2867:
  1316  0022AC  90D8               	bcf	status,0,c
  1317  0022AE  3603               	rlcf	___lwdiv@divisor^0,f,c
  1318  0022B0  3604               	rlcf	(___lwdiv@divisor+1)^0,f,c
  1319  0022B2  2A07               	incf	___lwdiv@counter^0,f,c
  1320  0022B4                     l2869:
  1321  0022B4  AE04               	btfss	(___lwdiv@divisor+1)^0,7,c
  1322  0022B6  EF5F  F011         	goto	u3101
  1323  0022BA  EF61  F011         	goto	u3100
  1324  0022BE                     u3101:
  1325  0022BE  EF56  F011         	goto	l2867
  1326  0022C2                     u3100:
  1327  0022C2                     l2871:
  1328  0022C2  90D8               	bcf	status,0,c
  1329  0022C4  3605               	rlcf	___lwdiv@quotient^0,f,c
  1330  0022C6  3606               	rlcf	(___lwdiv@quotient+1)^0,f,c
  1331  0022C8  5003               	movf	___lwdiv@divisor^0,w,c
  1332  0022CA  5C01               	subwf	___lwdiv@dividend^0,w,c
  1333  0022CC  5004               	movf	(___lwdiv@divisor+1)^0,w,c
  1334  0022CE  5802               	subwfb	(___lwdiv@dividend+1)^0,w,c
  1335  0022D0  A0D8               	btfss	status,0,c
  1336  0022D2  EF6D  F011         	goto	u3111
  1337  0022D6  EF6F  F011         	goto	u3110
  1338  0022DA                     u3111:
  1339  0022DA  EF74  F011         	goto	l2879
  1340  0022DE                     u3110:
  1341  0022DE  5003               	movf	___lwdiv@divisor^0,w,c
  1342  0022E0  5E01               	subwf	___lwdiv@dividend^0,f,c
  1343  0022E2  5004               	movf	(___lwdiv@divisor+1)^0,w,c
  1344  0022E4  5A02               	subwfb	(___lwdiv@dividend+1)^0,f,c
  1345  0022E6  8005               	bsf	___lwdiv@quotient^0,0,c
  1346  0022E8                     l2879:
  1347  0022E8  90D8               	bcf	status,0,c
  1348  0022EA  3204               	rrcf	(___lwdiv@divisor+1)^0,f,c
  1349  0022EC  3203               	rrcf	___lwdiv@divisor^0,f,c
  1350  0022EE  2E07               	decfsz	___lwdiv@counter^0,f,c
  1351  0022F0  EF61  F011         	goto	l2871
  1352  0022F4                     l859:
  1353  0022F4  C005  F001         	movff	___lwdiv@quotient,?___lwdiv
  1354  0022F8  C006  F002         	movff	___lwdiv@quotient+1,?___lwdiv+1
  1355  0022FC  0012               	return		;funcret
  1356  0022FE                     __end_of___lwdiv:
  1357                           	callstack 0
  1358                           
  1359 ;; *************** function _SYSTEM_Initialize *****************
  1360 ;; Defined at:
  1361 ;;		line 19 in file "mcu.c"
  1362 ;; Parameters:    Size  Location     Type
  1363 ;;		None
  1364 ;; Auto vars:     Size  Location     Type
  1365 ;;		None
  1366 ;; Return value:  Size  Location     Type
  1367 ;;                  1    wreg      void 
  1368 ;; Registers used:
  1369 ;;		wreg, status,2, cstack
  1370 ;; Tracked objects:
  1371 ;;		On entry : 0/0
  1372 ;;		On exit  : 0/0
  1373 ;;		Unchanged: 0/0
  1374 ;; Data sizes:     COMRAM   BANK0   BANK1   BANK2   BANK3   BANK4   BANK5   BANK6   BANK7
  1375 ;;      Params:         0       0       0       0       0       0       0       0       0
  1376 ;;      Locals:         0       0       0       0       0       0       0       0       0
  1377 ;;      Temps:          0       0       0       0       0       0       0       0       0
  1378 ;;      Totals:         0       0       0       0       0       0       0       0       0
  1379 ;;Total ram usage:        0 bytes
  1380 ;; Hardware stack levels used: 1
  1381 ;; Hardware stack levels required when called: 1
  1382 ;; This function calls:
  1383 ;;		_ADC_Initialize
  1384 ;;		_MCU_Initialize
  1385 ;;		_OSCILLATOR_Initialize
  1386 ;; This function is called by:
  1387 ;;		_main
  1388 ;; This function uses a non-reentrant model
  1389 ;;
  1390                           
  1391                           	psect	text2
  1392  002794                     __ptext2:
  1393                           	callstack 0
  1394  002794                     _SYSTEM_Initialize:
  1395                           	callstack 29
  1396  002794                     
  1397                           ;mcu.c: 20:     MCU_Initialize();
  1398  002794  EC77  F013         	call	_MCU_Initialize	;wreg free
  1399                           
  1400                           ;mcu.c: 21:     OSCILLATOR_Initialize();
  1401  002798  ECBE  F013         	call	_OSCILLATOR_Initialize	;wreg free
  1402                           
  1403                           ;mcu.c: 22:     ADC_Initialize();
  1404  00279C  EC58  F012         	call	_ADC_Initialize	;wreg free
  1405  0027A0  0012               	return		;funcret
  1406  0027A2                     __end_of_SYSTEM_Initialize:
  1407                           	callstack 0
  1408                           
  1409 ;; *************** function _OSCILLATOR_Initialize *****************
  1410 ;; Defined at:
  1411 ;;		line 61 in file "mcu.c"
  1412 ;; Parameters:    Size  Location     Type
  1413 ;;		None
  1414 ;; Auto vars:     Size  Location     Type
  1415 ;;		None
  1416 ;; Return value:  Size  Location     Type
  1417 ;;                  1    wreg      void 
  1418 ;; Registers used:
  1419 ;;		wreg, status,2
  1420 ;; Tracked objects:
  1421 ;;		On entry : 0/0
  1422 ;;		On exit  : 0/0
  1423 ;;		Unchanged: 0/0
  1424 ;; Data sizes:     COMRAM   BANK0   BANK1   BANK2   BANK3   BANK4   BANK5   BANK6   BANK7
  1425 ;;      Params:         0       0       0       0       0       0       0       0       0
  1426 ;;      Locals:         0       0       0       0       0       0       0       0       0
  1427 ;;      Temps:          0       0       0       0       0       0       0       0       0
  1428 ;;      Totals:         0       0       0       0       0       0       0       0       0
  1429 ;;Total ram usage:        0 bytes
  1430 ;; Hardware stack levels used: 1
  1431 ;; This function calls:
  1432 ;;		Nothing
  1433 ;; This function is called by:
  1434 ;;		_SYSTEM_Initialize
  1435 ;; This function uses a non-reentrant model
  1436 ;;
  1437                           
  1438                           	psect	text3
  1439  00277C                     __ptext3:
  1440                           	callstack 0
  1441  00277C                     _OSCILLATOR_Initialize:
  1442                           	callstack 29
  1443  00277C                     
  1444                           ;mcu.c: 63:     OSCCON1 = 0x62;
  1445  00277C  0E62               	movlw	98
  1446  00277E  0139               	movlb	57	; () banked
  1447  002780  6FD9               	movwf	217,b	;volatile
  1448                           
  1449                           ;mcu.c: 65:     OSCCON3 = 0x00;
  1450  002782  0E00               	movlw	0
  1451  002784  6FDB               	movwf	219,b	;volatile
  1452                           
  1453                           ;mcu.c: 67:     OSCEN = 0x00;
  1454  002786  0E00               	movlw	0
  1455  002788  6FDD               	movwf	221,b	;volatile
  1456                           
  1457                           ;mcu.c: 69:     OSCFRQ = 0x06;
  1458  00278A  0E06               	movlw	6
  1459  00278C  6FDF               	movwf	223,b	;volatile
  1460                           
  1461                           ;mcu.c: 71:     OSCTUNE = 0x00;
  1462  00278E  0E00               	movlw	0
  1463  002790  6FDE               	movwf	222,b	;volatile
  1464  002792                     
  1465                           ; BSR set to: 57
  1466  002792  0012               	return		;funcret
  1467  002794                     __end_of_OSCILLATOR_Initialize:
  1468                           	callstack 0
  1469                           
  1470 ;; *************** function _MCU_Initialize *****************
  1471 ;; Defined at:
  1472 ;;		line 33 in file "mcu.c"
  1473 ;; Parameters:    Size  Location     Type
  1474 ;;		None
  1475 ;; Auto vars:     Size  Location     Type
  1476 ;;		None
  1477 ;; Return value:  Size  Location     Type
  1478 ;;                  1    wreg      void 
  1479 ;; Registers used:
  1480 ;;		wreg, status,2
  1481 ;; Tracked objects:
  1482 ;;		On entry : 0/0
  1483 ;;		On exit  : 0/0
  1484 ;;		Unchanged: 0/0
  1485 ;; Data sizes:     COMRAM   BANK0   BANK1   BANK2   BANK3   BANK4   BANK5   BANK6   BANK7
  1486 ;;      Params:         0       0       0       0       0       0       0       0       0
  1487 ;;      Locals:         0       0       0       0       0       0       0       0       0
  1488 ;;      Temps:          0       0       0       0       0       0       0       0       0
  1489 ;;      Totals:         0       0       0       0       0       0       0       0       0
  1490 ;;Total ram usage:        0 bytes
  1491 ;; Hardware stack levels used: 1
  1492 ;; This function calls:
  1493 ;;		Nothing
  1494 ;; This function is called by:
  1495 ;;		_SYSTEM_Initialize
  1496 ;; This function uses a non-reentrant model
  1497 ;;
  1498                           
  1499                           	psect	text4
  1500  0026EE                     __ptext4:
  1501                           	callstack 0
  1502  0026EE                     _MCU_Initialize:
  1503                           	callstack 29
  1504  0026EE                     
  1505                           ;mcu.c: 35:     ANSELA = 0b00000000;
  1506  0026EE  0E00               	movlw	0
  1507  0026F0  013A               	movlb	58	; () banked
  1508  0026F2  6F40               	movwf	64,b	;volatile
  1509                           
  1510                           ;mcu.c: 36:     ANSELB = 0b00000000;
  1511  0026F4  0E00               	movlw	0
  1512  0026F6  6F50               	movwf	80,b	;volatile
  1513                           
  1514                           ;mcu.c: 37:     ANSELC = 0b10000000;
  1515  0026F8  0E80               	movlw	128
  1516  0026FA  6F60               	movwf	96,b	;volatile
  1517                           
  1518                           ;mcu.c: 40:     TRISA = 0b00000000;
  1519  0026FC  0E00               	movlw	0
  1520  0026FE  6EC2               	movwf	194,c	;volatile
  1521                           
  1522                           ;mcu.c: 41:     TRISB = 0b00000000;
  1523  002700  0E00               	movlw	0
  1524  002702  6EC3               	movwf	195,c	;volatile
  1525                           
  1526                           ;mcu.c: 42:     TRISC = 0b10000000;
  1527  002704  0E80               	movlw	128
  1528  002706  6EC4               	movwf	196,c	;volatile
  1529                           
  1530                           ;mcu.c: 45:     LATA = 0x00;
  1531  002708  0E00               	movlw	0
  1532  00270A  6EBA               	movwf	186,c	;volatile
  1533                           
  1534                           ;mcu.c: 46:     LATB = 0x00;
  1535  00270C  0E00               	movlw	0
  1536  00270E  6EBB               	movwf	187,c	;volatile
  1537                           
  1538                           ;mcu.c: 47:     LATC = 0x00;
  1539  002710  0E00               	movlw	0
  1540  002712  6EBC               	movwf	188,c	;volatile
  1541                           
  1542                           ;mcu.c: 48:     PORTA = 0x00;
  1543  002714  0E00               	movlw	0
  1544  002716  6ECA               	movwf	202,c	;volatile
  1545                           
  1546                           ;mcu.c: 49:     PORTB = 0x00;
  1547  002718  0E00               	movlw	0
  1548  00271A  6ECB               	movwf	203,c	;volatile
  1549                           
  1550                           ;mcu.c: 50:     PORTC = 0x00;
  1551  00271C  0E00               	movlw	0
  1552  00271E  6ECC               	movwf	204,c	;volatile
  1553  002720                     
  1554                           ; BSR set to: 58
  1555  002720  0012               	return		;funcret
  1556  002722                     __end_of_MCU_Initialize:
  1557                           	callstack 0
  1558                           
  1559 ;; *************** function _ADC_Initialize *****************
  1560 ;; Defined at:
  1561 ;;		line 19 in file "adc.c"
  1562 ;; Parameters:    Size  Location     Type
  1563 ;;		None
  1564 ;; Auto vars:     Size  Location     Type
  1565 ;;		None
  1566 ;; Return value:  Size  Location     Type
  1567 ;;                  1    wreg      void 
  1568 ;; Registers used:
  1569 ;;		wreg, status,2
  1570 ;; Tracked objects:
  1571 ;;		On entry : 0/0
  1572 ;;		On exit  : 0/0
  1573 ;;		Unchanged: 0/0
  1574 ;; Data sizes:     COMRAM   BANK0   BANK1   BANK2   BANK3   BANK4   BANK5   BANK6   BANK7
  1575 ;;      Params:         0       0       0       0       0       0       0       0       0
  1576 ;;      Locals:         0       0       0       0       0       0       0       0       0
  1577 ;;      Temps:          0       0       0       0       0       0       0       0       0
  1578 ;;      Totals:         0       0       0       0       0       0       0       0       0
  1579 ;;Total ram usage:        0 bytes
  1580 ;; Hardware stack levels used: 1
  1581 ;; This function calls:
  1582 ;;		Nothing
  1583 ;; This function is called by:
  1584 ;;		_SYSTEM_Initialize
  1585 ;; This function uses a non-reentrant model
  1586 ;;
  1587                           
  1588                           	psect	text5
  1589  0024B0                     __ptext5:
  1590                           	callstack 0
  1591  0024B0                     _ADC_Initialize:
  1592                           	callstack 29
  1593  0024B0                     
  1594                           ;adc.c: 22:     ADLTHL = 0x00;
  1595  0024B0  0E00               	movlw	0
  1596  0024B2  013E               	movlb	62	; () banked
  1597  0024B4  6FDE               	movwf	222,b	;volatile
  1598                           
  1599                           ;adc.c: 24:     ADLTHH = 0x00;
  1600  0024B6  0E00               	movlw	0
  1601  0024B8  6FDF               	movwf	223,b	;volatile
  1602                           
  1603                           ;adc.c: 26:     ADUTHL = 0x00;
  1604  0024BA  0E00               	movlw	0
  1605  0024BC  6FE0               	movwf	224,b	;volatile
  1606                           
  1607                           ;adc.c: 28:     ADUTHH = 0x00;
  1608  0024BE  0E00               	movlw	0
  1609  0024C0  6FE1               	movwf	225,b	;volatile
  1610                           
  1611                           ;adc.c: 30:     ADSTPTL = 0x00;
  1612  0024C2  0E00               	movlw	0
  1613  0024C4  6FE4               	movwf	228,b	;volatile
  1614                           
  1615                           ;adc.c: 32:     ADSTPTH = 0x00;
  1616  0024C6  0E00               	movlw	0
  1617  0024C8  6FE5               	movwf	229,b	;volatile
  1618                           
  1619                           ;adc.c: 34:     ADACCU = 0x00;
  1620  0024CA  0E00               	movlw	0
  1621  0024CC  6FEA               	movwf	234,b	;volatile
  1622                           
  1623                           ;adc.c: 36:     ADRPT = 0x00;
  1624  0024CE  0E00               	movlw	0
  1625  0024D0  6FEC               	movwf	236,b	;volatile
  1626                           
  1627                           ;adc.c: 38:     ADPCH = 0x00;
  1628  0024D2  0E00               	movlw	0
  1629  0024D4  6FF1               	movwf	241,b	;volatile
  1630                           
  1631                           ;adc.c: 42:     ADACQL = 0x0C;
  1632  0024D6  0E0C               	movlw	12
  1633  0024D8  6FF3               	movwf	243,b	;volatile
  1634                           
  1635                           ;adc.c: 44:     ADACQH = 0x00;
  1636  0024DA  0E00               	movlw	0
  1637  0024DC  6FF4               	movwf	244,b	;volatile
  1638                           
  1639                           ;adc.c: 46:     ADCAP = 0x00;
  1640  0024DE  0E00               	movlw	0
  1641  0024E0  6FF5               	movwf	245,b	;volatile
  1642                           
  1643                           ;adc.c: 48:     ADPREL = 0x00;
  1644  0024E2  0E00               	movlw	0
  1645  0024E4  6FF6               	movwf	246,b	;volatile
  1646                           
  1647                           ;adc.c: 50:     ADPREH = 0x00;
  1648  0024E6  0E00               	movlw	0
  1649  0024E8  6FF7               	movwf	247,b	;volatile
  1650                           
  1651                           ;adc.c: 52:     ADCON1 = 0x00;
  1652  0024EA  0E00               	movlw	0
  1653  0024EC  6FF9               	movwf	249,b	;volatile
  1654                           
  1655                           ;adc.c: 54:     ADCON2 = 0x00;
  1656  0024EE  0E00               	movlw	0
  1657  0024F0  6FFA               	movwf	250,b	;volatile
  1658                           
  1659                           ;adc.c: 56:     ADCON3 = 0x00;
  1660  0024F2  0E00               	movlw	0
  1661  0024F4  6FFB               	movwf	251,b	;volatile
  1662                           
  1663                           ;adc.c: 58:     ADSTAT = 0x00;
  1664  0024F6  0E00               	movlw	0
  1665  0024F8  6FFC               	movwf	252,b	;volatile
  1666                           
  1667                           ;adc.c: 62:     ADREF = 0x03;
  1668  0024FA  0E03               	movlw	3
  1669  0024FC  6FFD               	movwf	253,b	;volatile
  1670                           
  1671                           ;adc.c: 64:     ADACT = 0x00;
  1672  0024FE  0E00               	movlw	0
  1673  002500  6FFE               	movwf	254,b	;volatile
  1674                           
  1675                           ;adc.c: 68:     ADCLK = 0x01;
  1676  002502  0E01               	movlw	1
  1677  002504  6FFF               	movwf	255,b	;volatile
  1678                           
  1679                           ;adc.c: 70:     ADCON0 = 0x94;
  1680  002506  0E94               	movlw	148
  1681  002508  6FF8               	movwf	248,b	;volatile
  1682                           
  1683                           ;adc.c: 74:     FVRCON = 0x82;
  1684  00250A  0E82               	movlw	130
  1685  00250C  6FC1               	movwf	193,b	;volatile
  1686  00250E                     
  1687                           ; BSR set to: 62
  1688  00250E  0012               	return		;funcret
  1689  002510                     __end_of_ADC_Initialize:
  1690                           	callstack 0
  1691                           
  1692 ;; *************** function _LCD_Initialize *****************
  1693 ;; Defined at:
  1694 ;;		line 50 in file "main.c"
  1695 ;; Parameters:    Size  Location     Type
  1696 ;;		None
  1697 ;; Auto vars:     Size  Location     Type
  1698 ;;		None
  1699 ;; Return value:  Size  Location     Type
  1700 ;;                  1    wreg      void 
  1701 ;; Registers used:
  1702 ;;		wreg, fsr0l, fsr0h, fsr1l, fsr1h, fsr2l, fsr2h, status,2, status,0, tblptrl, tblptrh, tblptru, prodl, prodh, cstack
  1703 ;; Tracked objects:
  1704 ;;		On entry : 0/0
  1705 ;;		On exit  : 0/0
  1706 ;;		Unchanged: 0/0
  1707 ;; Data sizes:     COMRAM   BANK0   BANK1   BANK2   BANK3   BANK4   BANK5   BANK6   BANK7
  1708 ;;      Params:         0       0       0       0       0       0       0       0       0
  1709 ;;      Locals:         0       0       0       0       0       0       0       0       0
  1710 ;;      Temps:          2       0       0       0       0       0       0       0       0
  1711 ;;      Totals:         2       0       0       0       0       0       0       0       0
  1712 ;;Total ram usage:        2 bytes
  1713 ;; Hardware stack levels used: 1
  1714 ;; Hardware stack levels required when called: 5
  1715 ;; This function calls:
  1716 ;;		_LCD_Command
  1717 ;;		_LCD_Init
  1718 ;;		_LCD_SetFont
  1719 ;;		_LCD_puts
  1720 ;; This function is called by:
  1721 ;;		_main
  1722 ;; This function uses a non-reentrant model
  1723 ;;
  1724                           
  1725                           	psect	text6
  1726  00244A                     __ptext6:
  1727                           	callstack 0
  1728  00244A                     _LCD_Initialize:
  1729                           	callstack 25
  1730  00244A                     
  1731                           ;main.c: 51:     if (!LCD_Init(LCD)){ }
  1732  00244A  EE20  F060         	lfsr	2,_LCD
  1733  00244E  EE00  F013         	lfsr	0,LCD_Init@display
  1734  002452  0E09               	movlw	9
  1735  002454                     u2891:
  1736  002454  006F FF6F FFEB     	movff	plusw2,plusw0
  1737  00245A  06E8               	decf	wreg,f,c
  1738  00245C  E2FB               	bc	u2891
  1739  00245E  EC2D  F00C         	call	_LCD_Init	;wreg free
  1740  002462                     
  1741                           ;main.c: 52:     LCD_Command (0x01);;
  1742  002462  0E01               	movlw	1
  1743  002464  EC36  F013         	call	_LCD_Command
  1744  002468  0E80               	movlw	128
  1745  00246A  EC36  F013         	call	_LCD_Command
  1746  00246E                     
  1747                           ;main.c: 54:     LCD_puts("MrChunckuee!!");
  1748  00246E  0EC5               	movlw	low STR_1
  1749  002470  6E12               	movwf	LCD_puts@a^0,c
  1750  002472  0E08               	movlw	high STR_1
  1751  002474  6E13               	movwf	(LCD_puts@a+1)^0,c
  1752  002476  EC88  F012         	call	_LCD_puts	;wreg free
  1753  00247A  0EC0               	movlw	192
  1754  00247C  EC36  F013         	call	_LCD_Command
  1755  002480                     
  1756                           ;main.c: 56:     LCD_puts("ADC Volmeter");
  1757  002480  0ED3               	movlw	low STR_2
  1758  002482  6E12               	movwf	LCD_puts@a^0,c
  1759  002484  0E08               	movlw	high STR_2
  1760  002486  6E13               	movwf	(LCD_puts@a+1)^0,c
  1761  002488  EC88  F012         	call	_LCD_puts	;wreg free
  1762  00248C                     
  1763                           ;main.c: 57:     _delay((unsigned long)((1000)*(8000000/4000.0)));
  1764  00248C  0E0B               	movlw	11
  1765  00248E  6E2C               	movwf	(??_LCD_Initialize+1)^0,c
  1766  002490  0E26               	movlw	38
  1767  002492  6E2B               	movwf	??_LCD_Initialize^0,c
  1768  002494  0E5E               	movlw	94
  1769  002496                     u3167:
  1770  002496  2EE8               	decfsz	wreg,f,c
  1771  002498  D7FE               	bra	u3167
  1772  00249A  2E2B               	decfsz	??_LCD_Initialize^0,f,c
  1773  00249C  D7FC               	bra	u3167
  1774  00249E  2E2C               	decfsz	(??_LCD_Initialize+1)^0,f,c
  1775  0024A0  D7FA               	bra	u3167
  1776  0024A2                     
  1777                           ;main.c: 59:     LCD_Command (0x01);;
  1778  0024A2  0E01               	movlw	1
  1779  0024A4  EC36  F013         	call	_LCD_Command
  1780  0024A8                     
  1781                           ;main.c: 60:     LCD_SetFont(FONT_TRON_BOLD);
  1782  0024A8  0E00               	movlw	0
  1783  0024AA  EC4A  F010         	call	_LCD_SetFont
  1784  0024AE  0012               	return		;funcret
  1785  0024B0                     __end_of_LCD_Initialize:
  1786                           	callstack 0
  1787                           
  1788 ;; *************** function _LCD_puts *****************
  1789 ;; Defined at:
  1790 ;;		line 132 in file "LiquidCrystalDisplay.c"
  1791 ;; Parameters:    Size  Location     Type
  1792 ;;  a               2   17[COMRAM] PTR unsigned char 
  1793 ;;		 -> STR_3(4), STR_2(13), STR_1(14), 
  1794 ;; Auto vars:     Size  Location     Type
  1795 ;;  i               2   21[COMRAM] int 
  1796 ;; Return value:  Size  Location     Type
  1797 ;;                  1    wreg      void 
  1798 ;; Registers used:
  1799 ;;		wreg, fsr2l, fsr2h, status,2, status,0, tblptrl, tblptrh, tblptru, cstack
  1800 ;; Tracked objects:
  1801 ;;		On entry : 0/0
  1802 ;;		On exit  : 0/0
  1803 ;;		Unchanged: 0/0
  1804 ;; Data sizes:     COMRAM   BANK0   BANK1   BANK2   BANK3   BANK4   BANK5   BANK6   BANK7
  1805 ;;      Params:         2       0       0       0       0       0       0       0       0
  1806 ;;      Locals:         2       0       0       0       0       0       0       0       0
  1807 ;;      Temps:          2       0       0       0       0       0       0       0       0
  1808 ;;      Totals:         6       0       0       0       0       0       0       0       0
  1809 ;;Total ram usage:        6 bytes
  1810 ;; Hardware stack levels used: 1
  1811 ;; Hardware stack levels required when called: 3
  1812 ;; This function calls:
  1813 ;;		_LCD_putc
  1814 ;; This function is called by:
  1815 ;;		_LCD_Initialize
  1816 ;;		_main
  1817 ;; This function uses a non-reentrant model
  1818 ;;
  1819                           
  1820                           	psect	text7
  1821  002510                     __ptext7:
  1822                           	callstack 0
  1823  002510                     _LCD_puts:
  1824                           	callstack 27
  1825  002510                     
  1826                           ;LiquidCrystalDisplay.c: 133:     for(int i = 0; a[i] != '\0'; ++i){
  1827  002510  0E00               	movlw	0
  1828  002512  6E17               	movwf	(LCD_puts@i+1)^0,c
  1829  002514  0E00               	movlw	0
  1830  002516  6E16               	movwf	LCD_puts@i^0,c
  1831  002518  EFA0  F012         	goto	l2203
  1832  00251C                     l2199:
  1833                           
  1834                           ;LiquidCrystalDisplay.c: 134:         LCD_putc(a[i]);
  1835  00251C  5016               	movf	LCD_puts@i^0,w,c
  1836  00251E  2412               	addwf	LCD_puts@a^0,w,c
  1837  002520  6E14               	movwf	??_LCD_puts^0,c
  1838  002522  5017               	movf	(LCD_puts@i+1)^0,w,c
  1839  002524  2013               	addwfc	(LCD_puts@a+1)^0,w,c
  1840  002526  6E15               	movwf	(??_LCD_puts+1)^0,c
  1841  002528  0060  F053  FFF6   	movff	??_LCD_puts,tblptrl
  1842  00252E  0060  F057  FFF7   	movff	??_LCD_puts+1,tblptrh
  1843  002534                     	if	0	;tblptru may be non-zero
  1844  002534                     	endif
  1845  002534                     	if	0	;tblptru may be non-zero
  1846  002534                     	endif
  1847  002534  0008               	tblrd		*
  1848  002536  50F5               	movf	tablat,w,c
  1849  002538  EC58  F013         	call	_LCD_putc
  1850  00253C                     
  1851                           ;LiquidCrystalDisplay.c: 135:     }
  1852  00253C  4A16               	infsnz	LCD_puts@i^0,f,c
  1853  00253E  2A17               	incf	(LCD_puts@i+1)^0,f,c
  1854  002540                     l2203:
  1855  002540  5016               	movf	LCD_puts@i^0,w,c
  1856  002542  2412               	addwf	LCD_puts@a^0,w,c
  1857  002544  6E14               	movwf	??_LCD_puts^0,c
  1858  002546  5017               	movf	(LCD_puts@i+1)^0,w,c
  1859  002548  2013               	addwfc	(LCD_puts@a+1)^0,w,c
  1860  00254A  6E15               	movwf	(??_LCD_puts+1)^0,c
  1861  00254C  0060  F053  FFF6   	movff	??_LCD_puts,tblptrl
  1862  002552  0060  F057  FFF7   	movff	??_LCD_puts+1,tblptrh
  1863  002558                     	if	0	;tblptru may be non-zero
  1864  002558                     	endif
  1865  002558                     	if	0	;tblptru may be non-zero
  1866  002558                     	endif
  1867  002558  0008               	tblrd		*
  1868  00255A  50F5               	movf	tablat,w,c
  1869  00255C  0900               	iorlw	0
  1870  00255E  A4D8               	btfss	status,2,c
  1871  002560  EFB4  F012         	goto	u1991
  1872  002564  EFB6  F012         	goto	u1990
  1873  002568                     u1991:
  1874  002568  EF8E  F012         	goto	l2199
  1875  00256C                     u1990:
  1876  00256C  0012               	return		;funcret
  1877  00256E                     __end_of_LCD_puts:
  1878                           	callstack 0
  1879                           
  1880 ;; *************** function _LCD_SetFont *****************
  1881 ;; Defined at:
  1882 ;;		line 109 in file "LCD_BIGDigits.c"
  1883 ;; Parameters:    Size  Location     Type
  1884 ;;  FONT            1    wreg     enum E22789
  1885 ;; Auto vars:     Size  Location     Type
  1886 ;;  FONT            1   33[COMRAM] enum E22789
  1887 ;;  buffer          8   25[COMRAM] unsigned char [8]
  1888 ;;  char_data       2   34[COMRAM] PTR const unsigned char 
  1889 ;;		 -> blocks_chars(64), square_four_chars(64), tron_bold_chars(64), 
  1890 ;;  i               1   36[COMRAM] unsigned char 
  1891 ;; Return value:  Size  Location     Type
  1892 ;;                  1    wreg      void 
  1893 ;; Registers used:
  1894 ;;		wreg, fsr2l, fsr2h, status,2, status,0, tblptrl, tblptrh, tblptru, prodl, prodh, cstack
  1895 ;; Tracked objects:
  1896 ;;		On entry : 0/0
  1897 ;;		On exit  : 0/0
  1898 ;;		Unchanged: 0/0
  1899 ;; Data sizes:     COMRAM   BANK0   BANK1   BANK2   BANK3   BANK4   BANK5   BANK6   BANK7
  1900 ;;      Params:         0       0       0       0       0       0       0       0       0
  1901 ;;      Locals:        12       0       0       0       0       0       0       0       0
  1902 ;;      Temps:          2       0       0       0       0       0       0       0       0
  1903 ;;      Totals:        14       0       0       0       0       0       0       0       0
  1904 ;;Total ram usage:       14 bytes
  1905 ;; Hardware stack levels used: 1
  1906 ;; Hardware stack levels required when called: 4
  1907 ;; This function calls:
  1908 ;;		_LCD_createChar
  1909 ;;		_memcpy
  1910 ;; This function is called by:
  1911 ;;		_LCD_Initialize
  1912 ;; This function uses a non-reentrant model
  1913 ;;
  1914                           
  1915                           	psect	text8
  1916  002094                     __ptext8:
  1917                           	callstack 0
  1918  002094                     _LCD_SetFont:
  1919                           	callstack 25
  1920                           
  1921                           ;incstack = 0
  1922                           ;LCD_SetFont@FONT stored from wreg
  1923  002094  6E22               	movwf	LCD_SetFont@FONT^0,c
  1924  002096                     
  1925                           ;LCD_BIGDigits.c: 110:     uint8_t i;;LCD_BIGDigits.c: 111:     uint8_t buffer[8];;LCD_B
      +                          IGDigits.c: 112:     const uint8_t (*char_data)[8];;LCD_BIGDigits.c: 114:     switch(FON
      +                          T) {
  1926  002096  EF6B  F010         	goto	l2075
  1927  00209A                     l2067:
  1928                           
  1929                           ;LCD_BIGDigits.c: 116:             char_data = tron_bold_chars;
  1930  00209A  0E81               	movlw	low _tron_bold_chars
  1931  00209C  6E23               	movwf	LCD_SetFont@char_data^0,c
  1932  00209E  0E08               	movlw	high _tron_bold_chars
  1933  0020A0  6E24               	movwf	(LCD_SetFont@char_data+1)^0,c
  1934                           
  1935                           ;LCD_BIGDigits.c: 117:             current_digits = tron_bold_digits;
  1936  0020A2  0E92               	movlw	low _tron_bold_digits
  1937  0020A4  6E5C               	movwf	_current_digits^0,c
  1938  0020A6  0E00               	movlw	high _tron_bold_digits
  1939  0020A8  6E5D               	movwf	(_current_digits+1)^0,c
  1940                           
  1941                           ;LCD_BIGDigits.c: 118:             break;
  1942  0020AA  EF84  F010         	goto	l2077
  1943  0020AE                     l2069:
  1944                           
  1945                           ;LCD_BIGDigits.c: 120:             char_data = square_four_chars;
  1946  0020AE  0E41               	movlw	low _square_four_chars
  1947  0020B0  6E23               	movwf	LCD_SetFont@char_data^0,c
  1948  0020B2  0E08               	movlw	high _square_four_chars
  1949  0020B4  6E24               	movwf	(LCD_SetFont@char_data+1)^0,c
  1950                           
  1951                           ;LCD_BIGDigits.c: 121:             current_digits = square_four_digits;
  1952  0020B6  0E6A               	movlw	low _square_four_digits
  1953  0020B8  6E5C               	movwf	_current_digits^0,c
  1954  0020BA  0E00               	movlw	high _square_four_digits
  1955  0020BC  6E5D               	movwf	(_current_digits+1)^0,c
  1956                           
  1957                           ;LCD_BIGDigits.c: 122:             break;
  1958  0020BE  EF84  F010         	goto	l2077
  1959  0020C2                     l2071:
  1960                           
  1961                           ;LCD_BIGDigits.c: 124:             char_data = blocks_chars;
  1962  0020C2  0E01               	movlw	low _blocks_chars
  1963  0020C4  6E23               	movwf	LCD_SetFont@char_data^0,c
  1964  0020C6  0E08               	movlw	high _blocks_chars
  1965  0020C8  6E24               	movwf	(LCD_SetFont@char_data+1)^0,c
  1966                           
  1967                           ;LCD_BIGDigits.c: 125:             current_digits = blocks_digits;
  1968  0020CA  0E28               	movlw	low _blocks_digits
  1969  0020CC  6E5C               	movwf	_current_digits^0,c
  1970  0020CE  0E01               	movlw	high _blocks_digits
  1971  0020D0  6E5D               	movwf	(_current_digits+1)^0,c
  1972                           
  1973                           ;LCD_BIGDigits.c: 126:             break;
  1974  0020D2  EF84  F010         	goto	l2077
  1975  0020D6                     l2075:
  1976  0020D6  5022               	movf	LCD_SetFont@FONT^0,w,c
  1977  0020D8  6E18               	movwf	??_LCD_SetFont^0,c
  1978  0020DA  6A19               	clrf	(??_LCD_SetFont+1)^0,c
  1979                           
  1980                           ; Switch on 2 bytes has been partitioned into a top level switch of size 1, and 1 sub-sw
      +                          itches
  1981                           ; Switch size 1, requested type "simple"
  1982                           ; Number of cases is 1, Range of values is 0 to 0
  1983                           ; switch strategies available:
  1984                           ; Name         Instructions Cycles
  1985                           ; simple_byte            4     3 (average)
  1986                           ;	Chosen strategy is simple_byte
  1987  0020DC  5019               	movf	(??_LCD_SetFont+1)^0,w,c
  1988  0020DE  0A00               	xorlw	0	; case 0
  1989  0020E0  B4D8               	btfsc	status,2,c
  1990  0020E2  EF75  F010         	goto	l2953
  1991  0020E6  EFAE  F010         	goto	l31
  1992  0020EA                     l2953:
  1993                           
  1994                           ; Switch size 1, requested type "simple"
  1995                           ; Number of cases is 3, Range of values is 0 to 2
  1996                           ; switch strategies available:
  1997                           ; Name         Instructions Cycles
  1998                           ; simple_byte           10     6 (average)
  1999                           ;	Chosen strategy is simple_byte
  2000  0020EA  5018               	movf	??_LCD_SetFont^0,w,c
  2001  0020EC  0A00               	xorlw	0	; case 0
  2002  0020EE  B4D8               	btfsc	status,2,c
  2003  0020F0  EF4D  F010         	goto	l2067
  2004  0020F4  0A01               	xorlw	1	; case 1
  2005  0020F6  B4D8               	btfsc	status,2,c
  2006  0020F8  EF57  F010         	goto	l2069
  2007  0020FC  0A03               	xorlw	3	; case 2
  2008  0020FE  B4D8               	btfsc	status,2,c
  2009  002100  EF61  F010         	goto	l2071
  2010  002104  EFAE  F010         	goto	l31
  2011  002108                     l2077:
  2012                           
  2013                           ;LCD_BIGDigits.c: 132:     for (i = 0; i < 8; i++) {
  2014  002108  0E00               	movlw	0
  2015  00210A  6E25               	movwf	LCD_SetFont@i^0,c
  2016  00210C                     l2083:
  2017                           
  2018                           ;LCD_BIGDigits.c: 133:         memcpy(buffer, char_data[i], 8);
  2019  00210C  0E1A               	movlw	low LCD_SetFont@buffer
  2020  00210E  6E01               	movwf	memcpy@d1^0,c
  2021  002110  0E00               	movlw	high LCD_SetFont@buffer
  2022  002112  6E02               	movwf	(memcpy@d1+1)^0,c
  2023  002114  5025               	movf	LCD_SetFont@i^0,w,c
  2024  002116  0D08               	mullw	8
  2025  002118  006F FFCC  F018    	movff	prodl,??_LCD_SetFont
  2026  00211E  006F FFD0  F019    	movff	prodh,??_LCD_SetFont+1
  2027  002124  5018               	movf	??_LCD_SetFont^0,w,c
  2028  002126  2423               	addwf	LCD_SetFont@char_data^0,w,c
  2029  002128  6E03               	movwf	memcpy@s1^0,c
  2030  00212A  5019               	movf	(??_LCD_SetFont+1)^0,w,c
  2031  00212C  2024               	addwfc	(LCD_SetFont@char_data+1)^0,w,c
  2032  00212E  6E04               	movwf	(memcpy@s1+1)^0,c
  2033  002130  0E00               	movlw	0
  2034  002132  6E06               	movwf	(memcpy@n+1)^0,c
  2035  002134  0E08               	movlw	8
  2036  002136  6E05               	movwf	memcpy@n^0,c
  2037  002138  ECB7  F012         	call	_memcpy	;wreg free
  2038  00213C                     
  2039                           ;LCD_BIGDigits.c: 134:         LCD_createChar(i, buffer);
  2040  00213C  0E1A               	movlw	low LCD_SetFont@buffer
  2041  00213E  6E13               	movwf	LCD_createChar@charmap^0,c
  2042  002140  0E00               	movlw	high LCD_SetFont@buffer
  2043  002142  6E14               	movwf	(LCD_createChar@charmap+1)^0,c
  2044  002144  5025               	movf	LCD_SetFont@i^0,w,c
  2045  002146  EC13  F013         	call	_LCD_createChar
  2046  00214A                     
  2047                           ;LCD_BIGDigits.c: 135:     }
  2048  00214A  2A25               	incf	LCD_SetFont@i^0,f,c
  2049  00214C  0E07               	movlw	7
  2050  00214E  6425               	cpfsgt	LCD_SetFont@i^0,c
  2051  002150  EFAC  F010         	goto	u1761
  2052  002154  EFAE  F010         	goto	u1760
  2053  002158                     u1761:
  2054  002158  EF86  F010         	goto	l2083
  2055  00215C                     u1760:
  2056  00215C                     l31:
  2057  00215C  0012               	return		;funcret
  2058  00215E                     __end_of_LCD_SetFont:
  2059                           	callstack 0
  2060                           
  2061 ;; *************** function _memcpy *****************
  2062 ;; Defined at:
  2063 ;;		line 4 in file "C:\Program Files\Microchip\xc8\v2.36\pic\sources\c99\common\memcpy.c"
  2064 ;; Parameters:    Size  Location     Type
  2065 ;;  d1              2    0[COMRAM] PTR void 
  2066 ;;		 -> LCD_SetFont@buffer(8), 
  2067 ;;  s1              2    2[COMRAM] PTR const void 
  2068 ;;		 -> blocks_chars(64), square_four_chars(64), tron_bold_chars(64), 
  2069 ;;  n               2    4[COMRAM] unsigned int 
  2070 ;; Auto vars:     Size  Location     Type
  2071 ;;  s               2    8[COMRAM] PTR const unsigned char 
  2072 ;;		 -> blocks_chars(64), square_four_chars(64), tron_bold_chars(64), 
  2073 ;;  d               2    6[COMRAM] PTR unsigned char 
  2074 ;;		 -> LCD_SetFont@buffer(8), 
  2075 ;;  tmp             1   10[COMRAM] unsigned char 
  2076 ;; Return value:  Size  Location     Type
  2077 ;;                  2    0[COMRAM] PTR void 
  2078 ;; Registers used:
  2079 ;;		wreg, fsr2l, fsr2h, status,2, status,0, tblptrl, tblptrh, tblptru
  2080 ;; Tracked objects:
  2081 ;;		On entry : 0/0
  2082 ;;		On exit  : 0/0
  2083 ;;		Unchanged: 0/0
  2084 ;; Data sizes:     COMRAM   BANK0   BANK1   BANK2   BANK3   BANK4   BANK5   BANK6   BANK7
  2085 ;;      Params:         6       0       0       0       0       0       0       0       0
  2086 ;;      Locals:         5       0       0       0       0       0       0       0       0
  2087 ;;      Temps:          0       0       0       0       0       0       0       0       0
  2088 ;;      Totals:        11       0       0       0       0       0       0       0       0
  2089 ;;Total ram usage:       11 bytes
  2090 ;; Hardware stack levels used: 1
  2091 ;; This function calls:
  2092 ;;		Nothing
  2093 ;; This function is called by:
  2094 ;;		_LCD_SetFont
  2095 ;; This function uses a non-reentrant model
  2096 ;;
  2097                           
  2098                           	psect	text9
  2099  00256E                     __ptext9:
  2100                           	callstack 0
  2101  00256E                     _memcpy:
  2102                           	callstack 28
  2103  00256E  C003  F009         	movff	memcpy@s1,memcpy@s
  2104  002572  C004  F00A         	movff	memcpy@s1+1,memcpy@s+1
  2105  002576  C001  F007         	movff	memcpy@d1,memcpy@d
  2106  00257A  C002  F008         	movff	memcpy@d1+1,memcpy@d+1
  2107  00257E  EFD8  F012         	goto	l2049
  2108  002582                     l2041:
  2109  002582  0060  F027  FFF6   	movff	memcpy@s,tblptrl
  2110  002588  0060  F02B  FFF7   	movff	memcpy@s+1,tblptrh
  2111  00258E                     	if	0	;tblptru may be non-zero
  2112  00258E                     	endif
  2113  00258E                     	if	0	;tblptru may be non-zero
  2114  00258E                     	endif
  2115  00258E  0008               	tblrd		*
  2116  002590  006F FFD4  F00B    	movff	tablat,memcpy@tmp
  2117  002596  4A09               	infsnz	memcpy@s^0,f,c
  2118  002598  2A0A               	incf	(memcpy@s+1)^0,f,c
  2119  00259A  0060  F01F  FFD9   	movff	memcpy@d,fsr2l
  2120  0025A0  0060  F023  FFDA   	movff	memcpy@d+1,fsr2h
  2121  0025A6  0060  F02F  FFDF   	movff	memcpy@tmp,indf2
  2122  0025AC  4A07               	infsnz	memcpy@d^0,f,c
  2123  0025AE  2A08               	incf	(memcpy@d+1)^0,f,c
  2124  0025B0                     l2049:
  2125  0025B0  0605               	decf	memcpy@n^0,f,c
  2126  0025B2  A0D8               	btfss	status,0,c
  2127  0025B4  0606               	decf	(memcpy@n+1)^0,f,c
  2128  0025B6  2805               	incf	memcpy@n^0,w,c
  2129  0025B8  E106               	bnz	u1741
  2130  0025BA  2806               	incf	(memcpy@n+1)^0,w,c
  2131  0025BC  A4D8               	btfss	status,2,c
  2132  0025BE  EFE3  F012         	goto	u1741
  2133  0025C2  EFE5  F012         	goto	u1740
  2134  0025C6                     u1741:
  2135  0025C6  EFC1  F012         	goto	l2041
  2136  0025CA                     u1740:
  2137  0025CA  0012               	return		;funcret
  2138  0025CC                     __end_of_memcpy:
  2139                           	callstack 0
  2140                           
  2141 ;; *************** function _LCD_createChar *****************
  2142 ;; Defined at:
  2143 ;;		line 144 in file "LiquidCrystalDisplay.c"
  2144 ;; Parameters:    Size  Location     Type
  2145 ;;  location        1    wreg     unsigned char 
  2146 ;;  charmap         2   18[COMRAM] PTR const unsigned char 
  2147 ;;		 -> LCD_SetFont@buffer(8), 
  2148 ;; Auto vars:     Size  Location     Type
  2149 ;;  location        1   21[COMRAM] unsigned char 
  2150 ;;  i               1   22[COMRAM] unsigned char 
  2151 ;; Return value:  Size  Location     Type
  2152 ;;                  1    wreg      void 
  2153 ;; Registers used:
  2154 ;;		wreg, fsr2l, fsr2h, status,2, status,0, cstack
  2155 ;; Tracked objects:
  2156 ;;		On entry : 0/0
  2157 ;;		On exit  : 0/0
  2158 ;;		Unchanged: 0/0
  2159 ;; Data sizes:     COMRAM   BANK0   BANK1   BANK2   BANK3   BANK4   BANK5   BANK6   BANK7
  2160 ;;      Params:         2       0       0       0       0       0       0       0       0
  2161 ;;      Locals:         2       0       0       0       0       0       0       0       0
  2162 ;;      Temps:          1       0       0       0       0       0       0       0       0
  2163 ;;      Totals:         5       0       0       0       0       0       0       0       0
  2164 ;;Total ram usage:        5 bytes
  2165 ;; Hardware stack levels used: 1
  2166 ;; Hardware stack levels required when called: 3
  2167 ;; This function calls:
  2168 ;;		_LCD_Command
  2169 ;;		_LCD_putc
  2170 ;; This function is called by:
  2171 ;;		_LCD_SetFont
  2172 ;; This function uses a non-reentrant model
  2173 ;;
  2174                           
  2175                           	psect	text10
  2176  002626                     __ptext10:
  2177                           	callstack 0
  2178  002626                     _LCD_createChar:
  2179                           	callstack 25
  2180                           
  2181                           ;incstack = 0
  2182                           ;LCD_createChar@location stored from wreg
  2183  002626  6E16               	movwf	LCD_createChar@location^0,c
  2184  002628                     
  2185                           ;LiquidCrystalDisplay.c: 146:     LCD_Command (0x40 | ((location & 0x07) << 3));
  2186  002628  C016  F015         	movff	LCD_createChar@location,??_LCD_createChar
  2187  00262C  0E07               	movlw	7
  2188  00262E  1615               	andwf	??_LCD_createChar^0,f,c
  2189  002630  90D8               	bcf	status,0,c
  2190  002632  3615               	rlcf	??_LCD_createChar^0,f,c
  2191  002634  90D8               	bcf	status,0,c
  2192  002636  3615               	rlcf	??_LCD_createChar^0,f,c
  2193  002638  90D8               	bcf	status,0,c
  2194  00263A  3415               	rlcf	??_LCD_createChar^0,w,c
  2195  00263C  0940               	iorlw	64
  2196  00263E  EC36  F013         	call	_LCD_Command
  2197  002642                     
  2198                           ;LiquidCrystalDisplay.c: 149:     for(uint8_t i = 0; i < 8; i++){
  2199  002642  0E00               	movlw	0
  2200  002644  6E17               	movwf	LCD_createChar@i^0,c
  2201  002646                     l2059:
  2202                           
  2203                           ;LiquidCrystalDisplay.c: 150:         LCD_putc(charmap[i]);
  2204  002646  5017               	movf	LCD_createChar@i^0,w,c
  2205  002648  2413               	addwf	LCD_createChar@charmap^0,w,c
  2206  00264A  6ED9               	movwf	fsr2l,c
  2207  00264C  0E00               	movlw	0
  2208  00264E  2014               	addwfc	(LCD_createChar@charmap+1)^0,w,c
  2209  002650  6EDA               	movwf	fsr2h,c
  2210  002652  50DF               	movf	indf2,w,c
  2211  002654  EC58  F013         	call	_LCD_putc
  2212  002658                     
  2213                           ;LiquidCrystalDisplay.c: 151:     }
  2214  002658  2A17               	incf	LCD_createChar@i^0,f,c
  2215  00265A  0E07               	movlw	7
  2216  00265C  6417               	cpfsgt	LCD_createChar@i^0,c
  2217  00265E  EF33  F013         	goto	u1751
  2218  002662  EF35  F013         	goto	u1750
  2219  002666                     u1751:
  2220  002666  EF23  F013         	goto	l2059
  2221  00266A                     u1750:
  2222  00266A  0012               	return		;funcret
  2223  00266C                     __end_of_LCD_createChar:
  2224                           	callstack 0
  2225                           
  2226 ;; *************** function _LCD_Init *****************
  2227 ;; Defined at:
  2228 ;;		line 56 in file "LiquidCrystalDisplay.c"
  2229 ;; Parameters:    Size  Location     Type
  2230 ;;  display        10   18[COMRAM] struct .
  2231 ;; Auto vars:     Size  Location     Type
  2232 ;;  cmd             1   41[COMRAM] unsigned char 
  2233 ;; Return value:  Size  Location     Type
  2234 ;;                  1    wreg      _Bool 
  2235 ;; Registers used:
  2236 ;;		wreg, fsr1l, fsr1h, fsr2l, fsr2h, status,2, status,0, cstack
  2237 ;; Tracked objects:
  2238 ;;		On entry : 0/0
  2239 ;;		On exit  : 0/0
  2240 ;;		Unchanged: 0/0
  2241 ;; Data sizes:     COMRAM   BANK0   BANK1   BANK2   BANK3   BANK4   BANK5   BANK6   BANK7
  2242 ;;      Params:        10       0       0       0       0       0       0       0       0
  2243 ;;      Locals:         1       0       0       0       0       0       0       0       0
  2244 ;;      Temps:         13       0       0       0       0       0       0       0       0
  2245 ;;      Totals:        24       0       0       0       0       0       0       0       0
  2246 ;;Total ram usage:       24 bytes
  2247 ;; Hardware stack levels used: 1
  2248 ;; Hardware stack levels required when called: 3
  2249 ;; This function calls:
  2250 ;;		_LCD_Command
  2251 ;;		_LCD_Write
  2252 ;; This function is called by:
  2253 ;;		_LCD_Initialize
  2254 ;; This function uses a non-reentrant model
  2255 ;;
  2256                           
  2257                           	psect	text11
  2258  00185A                     __ptext11:
  2259                           	callstack 0
  2260  00185A                     _LCD_Init:
  2261                           	callstack 26
  2262  00185A                     
  2263                           ;LiquidCrystalDisplay.c: 57:     LCDisplay = display;
  2264  00185A  EE20  F013         	lfsr	2,LCD_Init@display
  2265  00185E  EE10  F050         	lfsr	1,_LCDisplay
  2266  001862  0E09               	movlw	9
  2267  001864                     u1871:
  2268  001864  006F FF6F FFE3     	movff	plusw2,plusw1
  2269  00186A  06E8               	decf	wreg,f,c
  2270  00186C  E2FB               	bc	u1871
  2271  00186E                     
  2272                           ;LiquidCrystalDisplay.c: 59:     if (LCDisplay.TRIS != ((void*)0)) {
  2273  00186E  5050               	movf	_LCDisplay^0,w,c
  2274  001870  1051               	iorwf	(_LCDisplay+1)^0,w,c
  2275  001872  B4D8               	btfsc	status,2,c
  2276  001874  EF3E  F00C         	goto	u1881
  2277  001878  EF40  F00C         	goto	u1880
  2278  00187C                     u1881:
  2279  00187C  EF9A  F00C         	goto	l2145
  2280  001880                     u1880:
  2281  001880                     
  2282                           ;LiquidCrystalDisplay.c: 61:         *(LCDisplay.TRIS) &= ~((1 << LCDisplay.RS) | (1 << 
      +                          LCDisplay.EN) | (1 << LCDisplay.D4) | (1 << LCDisplay.D5) | (1 << LCDisplay.D6) | (1 << 
      +                          LCDisplay.D7));
  2283  001880  C059  F01D         	movff	_LCDisplay+9,??_LCD_Init
  2284  001884  0E01               	movlw	1
  2285  001886  6E1E               	movwf	(??_LCD_Init+1)^0,c
  2286  001888  2A1D               	incf	??_LCD_Init^0,f,c
  2287  00188A  EF49  F00C         	goto	u1894
  2288  00188E                     u1895:
  2289  00188E  90D8               	bcf	status,0,c
  2290  001890  361E               	rlcf	(??_LCD_Init+1)^0,f,c
  2291  001892                     u1894:
  2292  001892  2E1D               	decfsz	??_LCD_Init^0,f,c
  2293  001894  EF47  F00C         	goto	u1895
  2294  001898  C058  F01F         	movff	_LCDisplay+8,??_LCD_Init+2
  2295  00189C  0E01               	movlw	1
  2296  00189E  6E20               	movwf	(??_LCD_Init+3)^0,c
  2297  0018A0  2A1F               	incf	(??_LCD_Init+2)^0,f,c
  2298  0018A2  EF55  F00C         	goto	u1904
  2299  0018A6                     u1905:
  2300  0018A6  90D8               	bcf	status,0,c
  2301  0018A8  3620               	rlcf	(??_LCD_Init+3)^0,f,c
  2302  0018AA                     u1904:
  2303  0018AA  2E1F               	decfsz	(??_LCD_Init+2)^0,f,c
  2304  0018AC  EF53  F00C         	goto	u1905
  2305  0018B0  C057  F021         	movff	_LCDisplay+7,??_LCD_Init+4
  2306  0018B4  0E01               	movlw	1
  2307  0018B6  6E22               	movwf	(??_LCD_Init+5)^0,c
  2308  0018B8  2A21               	incf	(??_LCD_Init+4)^0,f,c
  2309  0018BA  EF61  F00C         	goto	u1914
  2310  0018BE                     u1915:
  2311  0018BE  90D8               	bcf	status,0,c
  2312  0018C0  3622               	rlcf	(??_LCD_Init+5)^0,f,c
  2313  0018C2                     u1914:
  2314  0018C2  2E21               	decfsz	(??_LCD_Init+4)^0,f,c
  2315  0018C4  EF5F  F00C         	goto	u1915
  2316  0018C8  C056  F023         	movff	_LCDisplay+6,??_LCD_Init+6
  2317  0018CC  0E01               	movlw	1
  2318  0018CE  6E24               	movwf	(??_LCD_Init+7)^0,c
  2319  0018D0  2A23               	incf	(??_LCD_Init+6)^0,f,c
  2320  0018D2  EF6D  F00C         	goto	u1924
  2321  0018D6                     u1925:
  2322  0018D6  90D8               	bcf	status,0,c
  2323  0018D8  3624               	rlcf	(??_LCD_Init+7)^0,f,c
  2324  0018DA                     u1924:
  2325  0018DA  2E23               	decfsz	(??_LCD_Init+6)^0,f,c
  2326  0018DC  EF6B  F00C         	goto	u1925
  2327  0018E0  C055  F025         	movff	_LCDisplay+5,??_LCD_Init+8
  2328  0018E4  0E01               	movlw	1
  2329  0018E6  6E26               	movwf	(??_LCD_Init+9)^0,c
  2330  0018E8  2A25               	incf	(??_LCD_Init+8)^0,f,c
  2331  0018EA  EF79  F00C         	goto	u1934
  2332  0018EE                     u1935:
  2333  0018EE  90D8               	bcf	status,0,c
  2334  0018F0  3626               	rlcf	(??_LCD_Init+9)^0,f,c
  2335  0018F2                     u1934:
  2336  0018F2  2E25               	decfsz	(??_LCD_Init+8)^0,f,c
  2337  0018F4  EF77  F00C         	goto	u1935
  2338  0018F8  C054  F027         	movff	_LCDisplay+4,??_LCD_Init+10
  2339  0018FC  0E01               	movlw	1
  2340  0018FE  6E28               	movwf	(??_LCD_Init+11)^0,c
  2341  001900  2A27               	incf	(??_LCD_Init+10)^0,f,c
  2342  001902  EF85  F00C         	goto	u1944
  2343  001906                     u1945:
  2344  001906  90D8               	bcf	status,0,c
  2345  001908  3628               	rlcf	(??_LCD_Init+11)^0,f,c
  2346  00190A                     u1944:
  2347  00190A  2E27               	decfsz	(??_LCD_Init+10)^0,f,c
  2348  00190C  EF83  F00C         	goto	u1945
  2349  001910  5028               	movf	(??_LCD_Init+11)^0,w,c
  2350  001912  1026               	iorwf	(??_LCD_Init+9)^0,w,c
  2351  001914  1024               	iorwf	(??_LCD_Init+7)^0,w,c
  2352  001916  1022               	iorwf	(??_LCD_Init+5)^0,w,c
  2353  001918  1020               	iorwf	(??_LCD_Init+3)^0,w,c
  2354  00191A  101E               	iorwf	(??_LCD_Init+1)^0,w,c
  2355  00191C  0AFF               	xorlw	255
  2356  00191E  6E29               	movwf	(??_LCD_Init+12)^0,c
  2357  001920  0060  F143  FFD9   	movff	_LCDisplay,fsr2l
  2358  001926  0060  F147  FFDA   	movff	_LCDisplay+1,fsr2h
  2359  00192C  5029               	movf	(??_LCD_Init+12)^0,w,c
  2360  00192E  16DF               	andwf	indf2,f,c
  2361                           
  2362                           ;LiquidCrystalDisplay.c: 62:     } else {
  2363  001930  EFCD  F00C         	goto	l2161
  2364  001934                     l2145:
  2365                           
  2366                           ;LiquidCrystalDisplay.c: 65:         if (LCDisplay.PORT == &PORTA) TRISA = 0x00;
  2367  001934  0ECA               	movlw	202
  2368  001936  1852               	xorwf	(_LCDisplay+2)^0,w,c
  2369  001938  E107               	bnz	u1951
  2370  00193A  0E3F               	movlw	63
  2371  00193C  1853               	xorwf	(_LCDisplay+3)^0,w,c
  2372  00193E  A4D8               	btfss	status,2,c
  2373  001940  EFA4  F00C         	goto	u1951
  2374  001944  EFA6  F00C         	goto	u1950
  2375  001948                     u1951:
  2376  001948  EFAA  F00C         	goto	l2149
  2377  00194C                     u1950:
  2378  00194C  0E00               	movlw	0
  2379  00194E  6EC2               	movwf	194,c	;volatile
  2380  001950  EFCD  F00C         	goto	l2161
  2381  001954                     l2149:
  2382  001954  0ECB               	movlw	203
  2383  001956  1852               	xorwf	(_LCDisplay+2)^0,w,c
  2384  001958  E107               	bnz	u1961
  2385  00195A  0E3F               	movlw	63
  2386  00195C  1853               	xorwf	(_LCDisplay+3)^0,w,c
  2387  00195E  A4D8               	btfss	status,2,c
  2388  001960  EFB4  F00C         	goto	u1961
  2389  001964  EFB6  F00C         	goto	u1960
  2390  001968                     u1961:
  2391  001968  EFBA  F00C         	goto	l2153
  2392  00196C                     u1960:
  2393  00196C  0E00               	movlw	0
  2394  00196E  6EC3               	movwf	195,c	;volatile
  2395  001970  EFCD  F00C         	goto	l2161
  2396  001974                     l2153:
  2397  001974  0ECC               	movlw	204
  2398  001976  1852               	xorwf	(_LCDisplay+2)^0,w,c
  2399  001978  E107               	bnz	u1971
  2400  00197A  0E3F               	movlw	63
  2401  00197C  1853               	xorwf	(_LCDisplay+3)^0,w,c
  2402  00197E  A4D8               	btfss	status,2,c
  2403  001980  EFC4  F00C         	goto	u1971
  2404  001984  EFC6  F00C         	goto	u1970
  2405  001988                     u1971:
  2406  001988  EFCA  F00C         	goto	l2157
  2407  00198C                     u1970:
  2408  00198C  0E00               	movlw	0
  2409  00198E  6EC4               	movwf	196,c	;volatile
  2410  001990  EFCD  F00C         	goto	l2161
  2411  001994                     l2157:
  2412  001994  0E00               	movlw	0
  2413  001996  EF18  F00D         	goto	l88
  2414  00199A                     l2161:
  2415                           
  2416                           ;LiquidCrystalDisplay.c: 76:     _delay((unsigned long)((20)*(16000000/4000.0)));
  2417  00199A  0E68               	movlw	104
  2418  00199C  6E1D               	movwf	??_LCD_Init^0,c
  2419  00199E  0EE4               	movlw	228
  2420  0019A0                     u3177:
  2421  0019A0  2EE8               	decfsz	wreg,f,c
  2422  0019A2  D7FE               	bra	u3177
  2423  0019A4  2E1D               	decfsz	??_LCD_Init^0,f,c
  2424  0019A6  D7FC               	bra	u3177
  2425  0019A8  D000               	nop2	
  2426  0019AA                     
  2427                           ;LiquidCrystalDisplay.c: 79:     *(LCDisplay.PORT) &= ~(1 << LCDisplay.RS);
  2428  0019AA  C054  F01D         	movff	_LCDisplay+4,??_LCD_Init
  2429  0019AE  0E01               	movlw	1
  2430  0019B0  6E1E               	movwf	(??_LCD_Init+1)^0,c
  2431  0019B2  2A1D               	incf	??_LCD_Init^0,f,c
  2432  0019B4  EFDE  F00C         	goto	u1984
  2433  0019B8                     u1985:
  2434  0019B8  90D8               	bcf	status,0,c
  2435  0019BA  361E               	rlcf	(??_LCD_Init+1)^0,f,c
  2436  0019BC                     u1984:
  2437  0019BC  2E1D               	decfsz	??_LCD_Init^0,f,c
  2438  0019BE  EFDC  F00C         	goto	u1985
  2439  0019C2  501E               	movf	(??_LCD_Init+1)^0,w,c
  2440  0019C4  0AFF               	xorlw	255
  2441  0019C6  6E1F               	movwf	(??_LCD_Init+2)^0,c
  2442  0019C8  0060  F14B  FFD9   	movff	_LCDisplay+2,fsr2l
  2443  0019CE  0060  F14F  FFDA   	movff	_LCDisplay+3,fsr2h
  2444  0019D4  501F               	movf	(??_LCD_Init+2)^0,w,c
  2445  0019D6  16DF               	andwf	indf2,f,c
  2446  0019D8                     
  2447                           ;LiquidCrystalDisplay.c: 80:     LCD_Write(0x03);
  2448  0019D8  0E03               	movlw	3
  2449  0019DA  ECB8  F011         	call	_LCD_Write
  2450  0019DE                     
  2451                           ;LiquidCrystalDisplay.c: 81:     _delay((unsigned long)((5)*(16000000/4000.0)));
  2452  0019DE  0E1A               	movlw	26
  2453  0019E0  6E1D               	movwf	??_LCD_Init^0,c
  2454  0019E2  0EF8               	movlw	248
  2455  0019E4                     u3187:
  2456  0019E4  2EE8               	decfsz	wreg,f,c
  2457  0019E6  D7FE               	bra	u3187
  2458  0019E8  2E1D               	decfsz	??_LCD_Init^0,f,c
  2459  0019EA  D7FC               	bra	u3187
  2460  0019EC  D000               	nop2	
  2461  0019EE                     
  2462                           ;LiquidCrystalDisplay.c: 82:     LCD_Write(0x03);
  2463  0019EE  0E03               	movlw	3
  2464  0019F0  ECB8  F011         	call	_LCD_Write
  2465  0019F4                     
  2466                           ;LiquidCrystalDisplay.c: 83:     _delay((unsigned long)((16)*(16000000/4000.0)));
  2467  0019F4  0E54               	movlw	84
  2468  0019F6  6E1D               	movwf	??_LCD_Init^0,c
  2469  0019F8  0E1C               	movlw	28
  2470  0019FA                     u3197:
  2471  0019FA  2EE8               	decfsz	wreg,f,c
  2472  0019FC  D7FE               	bra	u3197
  2473  0019FE  2E1D               	decfsz	??_LCD_Init^0,f,c
  2474  001A00  D7FC               	bra	u3197
  2475  001A02  D000               	nop2	
  2476  001A04                     
  2477                           ;LiquidCrystalDisplay.c: 84:     LCD_Write(0x03);
  2478  001A04  0E03               	movlw	3
  2479  001A06  ECB8  F011         	call	_LCD_Write
  2480  001A0A                     
  2481                           ;LiquidCrystalDisplay.c: 87:     LCD_Write(0x02);
  2482  001A0A  0E02               	movlw	2
  2483  001A0C  ECB8  F011         	call	_LCD_Write
  2484  001A10                     
  2485                           ;LiquidCrystalDisplay.c: 90:     LCD_Command (0x28);
  2486  001A10  0E28               	movlw	40
  2487  001A12  EC36  F013         	call	_LCD_Command
  2488  001A16                     
  2489                           ;LiquidCrystalDisplay.c: 93:     LCD_Command (0x06);
  2490  001A16  0E06               	movlw	6
  2491  001A18  EC36  F013         	call	_LCD_Command
  2492  001A1C  0E08               	movlw	8
  2493  001A1E  6E2A               	movwf	LCD_Init@cmd^0,c
  2494  001A20  842A               	bsf	LCD_Init@cmd^0,2,c
  2495  001A22  502A               	movf	LCD_Init@cmd^0,w,c
  2496  001A24  EC36  F013         	call	_LCD_Command
  2497  001A28                     
  2498                           ;LiquidCrystalDisplay.c: 97:     LCD_Command (0x01);;
  2499  001A28  0E01               	movlw	1
  2500  001A2A  EC36  F013         	call	_LCD_Command
  2501  001A2E                     
  2502                           ;LiquidCrystalDisplay.c: 99:     return 1;
  2503  001A2E  0E01               	movlw	1
  2504  001A30                     l88:
  2505  001A30  0012               	return		;funcret
  2506  001A32                     __end_of_LCD_Init:
  2507                           	callstack 0
  2508                           
  2509 ;; *************** function _DISPLAY_ShowFloatValue *****************
  2510 ;; Defined at:
  2511 ;;		line 99 in file "main.c"
  2512 ;; Parameters:    Size  Location     Type
  2513 ;;  value           4   65[COMRAM] float 
  2514 ;;  start_row       1   69[COMRAM] unsigned char 
  2515 ;;  start_col       1   70[COMRAM] unsigned char 
  2516 ;; Auto vars:     Size  Location     Type
  2517 ;;  units_index     1   28[BANK0 ] const unsigned char 
  2518 ;;  digit_index     1   27[BANK0 ] unsigned char 
  2519 ;;  digit_value     1   20[BANK0 ] unsigned char 
  2520 ;;  j               2   25[BANK0 ] int 
  2521 ;;  i               2   23[BANK0 ] int 
  2522 ;;  i               1    7[BANK0 ] unsigned char 
  2523 ;;  temp            4   12[BANK0 ] unsigned long 
  2524 ;;  count           1    6[BANK0 ] unsigned char 
  2525 ;;  digits          5    0[BANK0 ] unsigned char [5]
  2526 ;;  scaled_value    4   16[BANK0 ] unsigned long 
  2527 ;;  scale_factor    4    8[BANK0 ] unsigned long 
  2528 ;;  current_col     1   29[BANK0 ] unsigned char 
  2529 ;;  num_decimal_    1   22[BANK0 ] unsigned char 
  2530 ;;  num_integer_    1   21[BANK0 ] unsigned char 
  2531 ;;  drawing_acti    1    5[BANK0 ] unsigned char 
  2532 ;; Return value:  Size  Location     Type
  2533 ;;                  1    wreg      void 
  2534 ;; Registers used:
  2535 ;;		wreg, fsr2l, fsr2h, status,2, status,0, prodl, prodh, cstack
  2536 ;; Tracked objects:
  2537 ;;		On entry : 0/0
  2538 ;;		On exit  : 0/0
  2539 ;;		Unchanged: 0/0
  2540 ;; Data sizes:     COMRAM   BANK0   BANK1   BANK2   BANK3   BANK4   BANK5   BANK6   BANK7
  2541 ;;      Params:         6       0       0       0       0       0       0       0       0
  2542 ;;      Locals:         0      30       0       0       0       0       0       0       0
  2543 ;;      Temps:          6       0       0       0       0       0       0       0       0
  2544 ;;      Totals:        12      30       0       0       0       0       0       0       0
  2545 ;;Total ram usage:       42 bytes
  2546 ;; Hardware stack levels used: 1
  2547 ;; Hardware stack levels required when called: 4
  2548 ;; This function calls:
  2549 ;;		_LCD_Command
  2550 ;;		_LCD_DrawBigDigit
  2551 ;;		_LCD_putc
  2552 ;;		___fladd
  2553 ;;		___flge
  2554 ;;		___flmul
  2555 ;;		___fltol
  2556 ;;		___lldiv
  2557 ;;		___llmod
  2558 ;;		___lmul
  2559 ;;		___xxtofl
  2560 ;; This function is called by:
  2561 ;;		_main
  2562 ;; This function uses a non-reentrant model
  2563 ;;
  2564                           
  2565                           	psect	text12
  2566  000DA6                     __ptext12:
  2567                           	callstack 0
  2568  000DA6                     _DISPLAY_ShowFloatValue:
  2569                           	callstack 26
  2570  000DA6                     
  2571                           ;main.c: 100:     uint8_t num_integer_digits;;main.c: 101:     uint8_t num_decimal_digit
      +                          s;;main.c: 102:     unsigned long scale_factor;;main.c: 103:     uint8_t digits[5];;main
      +                          .c: 104:     uint8_t current_col = start_col;
  2572  000DA6  C047  F0D7         	movff	DISPLAY_ShowFloatValue@start_col,DISPLAY_ShowFloatValue@current_col
  2573  000DAA                     
  2574                           ;main.c: 105:     uint8_t drawing_active = 0;
  2575  000DAA  0E00               	movlw	0
  2576  000DAC  0100               	movlb	0	; () banked
  2577  000DAE  6FBF               	movwf	DISPLAY_ShowFloatValue@drawing_active& (0+255),b
  2578  000DB0                     
  2579                           ; BSR set to: 0
  2580                           ;main.c: 107:     if (value < 1.0f) {
  2581  000DB0  C042  F001         	movff	DISPLAY_ShowFloatValue@value,___flge@ff1
  2582  000DB4  C043  F002         	movff	DISPLAY_ShowFloatValue@value+1,___flge@ff1+1
  2583  000DB8  C044  F003         	movff	DISPLAY_ShowFloatValue@value+2,___flge@ff1+2
  2584  000DBC  C045  F004         	movff	DISPLAY_ShowFloatValue@value+3,___flge@ff1+3
  2585  000DC0  0E00               	movlw	0
  2586  000DC2  6E05               	movwf	___flge@ff2^0,c
  2587  000DC4  0E00               	movlw	0
  2588  000DC6  6E06               	movwf	(___flge@ff2+1)^0,c
  2589  000DC8  0E80               	movlw	128
  2590  000DCA  6E07               	movwf	(___flge@ff2+2)^0,c
  2591  000DCC  0E3F               	movlw	63
  2592  000DCE  6E08               	movwf	(___flge@ff2+3)^0,c
  2593  000DD0  ECC8  F00F         	call	___flge	;wreg free
  2594  000DD4  B0D8               	btfsc	status,0,c
  2595  000DD6  EFEF  F006         	goto	u2901
  2596  000DDA  EFF1  F006         	goto	u2900
  2597  000DDE                     u2901:
  2598  000DDE  EFF6  F006         	goto	l2753
  2599  000DE2                     u2900:
  2600  000DE2                     
  2601                           ;main.c: 108:         num_integer_digits = 1;
  2602  000DE2  0E01               	movlw	1
  2603  000DE4  0100               	movlb	0	; () banked
  2604  000DE6  6FCF               	movwf	DISPLAY_ShowFloatValue@num_integer_digits& (0+255),b
  2605                           
  2606                           ;main.c: 109:     }else {
  2607  000DE8  EF37  F007         	goto	l2763
  2608  000DEC                     l2753:
  2609                           
  2610                           ;main.c: 110:         uint8_t count = 0;
  2611  000DEC  0E00               	movlw	0
  2612  000DEE  0100               	movlb	0	; () banked
  2613  000DF0  6FC0               	movwf	DISPLAY_ShowFloatValue@count& (0+255),b
  2614  000DF2                     
  2615                           ; BSR set to: 0
  2616                           ;main.c: 111:         unsigned long temp = (unsigned long)value;
  2617  000DF2  C042  F038         	movff	DISPLAY_ShowFloatValue@value,___fltol@f1
  2618  000DF6  C043  F039         	movff	DISPLAY_ShowFloatValue@value+1,___fltol@f1+1
  2619  000DFA  C044  F03A         	movff	DISPLAY_ShowFloatValue@value+2,___fltol@f1+2
  2620  000DFE  C045  F03B         	movff	DISPLAY_ShowFloatValue@value+3,___fltol@f1+3
  2621  000E02  EC45  F00F         	call	___fltol	;wreg free
  2622  000E06  C038  F0C6         	movff	?___fltol,DISPLAY_ShowFloatValue@temp
  2623  000E0A  C039  F0C7         	movff	?___fltol+1,DISPLAY_ShowFloatValue@temp+1
  2624  000E0E  C03A  F0C8         	movff	?___fltol+2,DISPLAY_ShowFloatValue@temp+2
  2625  000E12  C03B  F0C9         	movff	?___fltol+3,DISPLAY_ShowFloatValue@temp+3
  2626                           
  2627                           ;main.c: 112:         while (temp > 0) {
  2628  000E16  EF29  F007         	goto	l2761
  2629  000E1A                     l2757:
  2630                           
  2631                           ; BSR set to: 0
  2632                           ;main.c: 113:             temp /= 10;
  2633  000E1A  C0C6  F001         	movff	DISPLAY_ShowFloatValue@temp,___lldiv@dividend
  2634  000E1E  C0C7  F002         	movff	DISPLAY_ShowFloatValue@temp+1,___lldiv@dividend+1
  2635  000E22  C0C8  F003         	movff	DISPLAY_ShowFloatValue@temp+2,___lldiv@dividend+2
  2636  000E26  C0C9  F004         	movff	DISPLAY_ShowFloatValue@temp+3,___lldiv@dividend+3
  2637  000E2A  0E0A               	movlw	10
  2638  000E2C  6E05               	movwf	___lldiv@divisor^0,c
  2639  000E2E  0E00               	movlw	0
  2640  000E30  6E06               	movwf	(___lldiv@divisor+1)^0,c
  2641  000E32  0E00               	movlw	0
  2642  000E34  6E07               	movwf	(___lldiv@divisor+2)^0,c
  2643  000E36  0E00               	movlw	0
  2644  000E38  6E08               	movwf	(___lldiv@divisor+3)^0,c
  2645  000E3A  ECAF  F010         	call	___lldiv	;wreg free
  2646  000E3E  C001  F0C6         	movff	?___lldiv,DISPLAY_ShowFloatValue@temp
  2647  000E42  C002  F0C7         	movff	?___lldiv+1,DISPLAY_ShowFloatValue@temp+1
  2648  000E46  C003  F0C8         	movff	?___lldiv+2,DISPLAY_ShowFloatValue@temp+2
  2649  000E4A  C004  F0C9         	movff	?___lldiv+3,DISPLAY_ShowFloatValue@temp+3
  2650  000E4E                     
  2651                           ;main.c: 114:             count++;
  2652  000E4E  0100               	movlb	0	; () banked
  2653  000E50  2BC0               	incf	DISPLAY_ShowFloatValue@count& (0+255),f,b
  2654  000E52                     l2761:
  2655                           
  2656                           ;main.c: 112:         while (temp > 0) {
  2657  000E52  0100               	movlb	0	; () banked
  2658  000E54  51C6               	movf	DISPLAY_ShowFloatValue@temp& (0+255),w,b
  2659  000E56  11C7               	iorwf	(DISPLAY_ShowFloatValue@temp+1)& (0+255),w,b
  2660  000E58  11C8               	iorwf	(DISPLAY_ShowFloatValue@temp+2)& (0+255),w,b
  2661  000E5A  11C9               	iorwf	(DISPLAY_ShowFloatValue@temp+3)& (0+255),w,b
  2662  000E5C  A4D8               	btfss	status,2,c
  2663  000E5E  EF33  F007         	goto	u2911
  2664  000E62  EF35  F007         	goto	u2910
  2665  000E66                     u2911:
  2666  000E66  EF0D  F007         	goto	l2757
  2667  000E6A                     u2910:
  2668  000E6A                     
  2669                           ; BSR set to: 0
  2670                           ;main.c: 116:         num_integer_digits = count;
  2671  000E6A  C0C0  F0CF         	movff	DISPLAY_ShowFloatValue@count,DISPLAY_ShowFloatValue@num_integer_digits
  2672  000E6E                     l2763:
  2673                           
  2674                           ; BSR set to: 0
  2675                           ;main.c: 120:     if (num_integer_digits >= 5){
  2676  000E6E  0E04               	movlw	4
  2677  000E70  65CF               	cpfsgt	DISPLAY_ShowFloatValue@num_integer_digits& (0+255),b
  2678  000E72  EF3D  F007         	goto	u2921
  2679  000E76  EF3F  F007         	goto	u2920
  2680  000E7A                     u2921:
  2681  000E7A  EF43  F007         	goto	l2767
  2682  000E7E                     u2920:
  2683  000E7E                     
  2684                           ; BSR set to: 0
  2685                           ;main.c: 121:         num_decimal_digits = 0;
  2686  000E7E  0E00               	movlw	0
  2687  000E80  6FD0               	movwf	DISPLAY_ShowFloatValue@num_decimal_digits& (0+255),b
  2688                           
  2689                           ;main.c: 122:     } else {
  2690  000E82  EF46  F007         	goto	l2769
  2691  000E86                     l2767:
  2692                           
  2693                           ; BSR set to: 0
  2694                           ;main.c: 123:         num_decimal_digits = 5 - num_integer_digits;
  2695  000E86  51CF               	movf	DISPLAY_ShowFloatValue@num_integer_digits& (0+255),w,b
  2696  000E88  0805               	sublw	5
  2697  000E8A  6FD0               	movwf	DISPLAY_ShowFloatValue@num_decimal_digits& (0+255),b
  2698  000E8C                     l2769:
  2699                           
  2700                           ; BSR set to: 0
  2701                           ;main.c: 127:     scale_factor = 1;
  2702  000E8C  0E01               	movlw	1
  2703  000E8E  6FC2               	movwf	DISPLAY_ShowFloatValue@scale_factor& (0+255),b
  2704  000E90  0E00               	movlw	0
  2705  000E92  6FC3               	movwf	(DISPLAY_ShowFloatValue@scale_factor+1)& (0+255),b
  2706  000E94  0E00               	movlw	0
  2707  000E96  6FC4               	movwf	(DISPLAY_ShowFloatValue@scale_factor+2)& (0+255),b
  2708  000E98  0E00               	movlw	0
  2709  000E9A  6FC5               	movwf	(DISPLAY_ShowFloatValue@scale_factor+3)& (0+255),b
  2710  000E9C                     
  2711                           ; BSR set to: 0
  2712                           ;main.c: 128:     for (uint8_t i = 0; i < num_decimal_digits; i++) {
  2713  000E9C  0E00               	movlw	0
  2714  000E9E  6FC1               	movwf	DISPLAY_ShowFloatValue@i& (0+255),b
  2715  000EA0  EF6E  F007         	goto	l2777
  2716  000EA4                     l2773:
  2717                           
  2718                           ; BSR set to: 0
  2719                           ;main.c: 130:         scale_factor *= 10;
  2720  000EA4  C0C2  F001         	movff	DISPLAY_ShowFloatValue@scale_factor,___lmul@multiplier
  2721  000EA8  C0C3  F002         	movff	DISPLAY_ShowFloatValue@scale_factor+1,___lmul@multiplier+1
  2722  000EAC  C0C4  F003         	movff	DISPLAY_ShowFloatValue@scale_factor+2,___lmul@multiplier+2
  2723  000EB0  C0C5  F004         	movff	DISPLAY_ShowFloatValue@scale_factor+3,___lmul@multiplier+3
  2724  000EB4  0E0A               	movlw	10
  2725  000EB6  6E05               	movwf	___lmul@multiplicand^0,c
  2726  000EB8  0E00               	movlw	0
  2727  000EBA  6E06               	movwf	(___lmul@multiplicand+1)^0,c
  2728  000EBC  0E00               	movlw	0
  2729  000EBE  6E07               	movwf	(___lmul@multiplicand+2)^0,c
  2730  000EC0  0E00               	movlw	0
  2731  000EC2  6E08               	movwf	(___lmul@multiplicand+3)^0,c
  2732  000EC4  ECF0  F011         	call	___lmul	;wreg free
  2733  000EC8  C001  F0C2         	movff	?___lmul,DISPLAY_ShowFloatValue@scale_factor
  2734  000ECC  C002  F0C3         	movff	?___lmul+1,DISPLAY_ShowFloatValue@scale_factor+1
  2735  000ED0  C003  F0C4         	movff	?___lmul+2,DISPLAY_ShowFloatValue@scale_factor+2
  2736  000ED4  C004  F0C5         	movff	?___lmul+3,DISPLAY_ShowFloatValue@scale_factor+3
  2737  000ED8                     
  2738                           ;main.c: 131:     }
  2739  000ED8  0100               	movlb	0	; () banked
  2740  000EDA  2BC1               	incf	DISPLAY_ShowFloatValue@i& (0+255),f,b
  2741  000EDC                     l2777:
  2742                           
  2743                           ; BSR set to: 0
  2744  000EDC  51D0               	movf	DISPLAY_ShowFloatValue@num_decimal_digits& (0+255),w,b
  2745  000EDE  5DC1               	subwf	DISPLAY_ShowFloatValue@i& (0+255),w,b
  2746  000EE0  A0D8               	btfss	status,0,c
  2747  000EE2  EF75  F007         	goto	u2931
  2748  000EE6  EF77  F007         	goto	u2930
  2749  000EEA                     u2931:
  2750  000EEA  EF52  F007         	goto	l2773
  2751  000EEE                     u2930:
  2752  000EEE                     
  2753                           ; BSR set to: 0
  2754                           ;main.c: 135:     unsigned long scaled_value = (unsigned long)((value * (float)scale_fac
      +                          tor)+ 0.5f);
  2755  000EEE  0E00               	movlw	0
  2756  000EF0  6E2C               	movwf	___fladd@a^0,c
  2757  000EF2  0E00               	movlw	0
  2758  000EF4  6E2D               	movwf	(___fladd@a+1)^0,c
  2759  000EF6  0E00               	movlw	0
  2760  000EF8  6E2E               	movwf	(___fladd@a+2)^0,c
  2761  000EFA  0E3F               	movlw	63
  2762  000EFC  6E2F               	movwf	(___fladd@a+3)^0,c
  2763  000EFE  C042  F013         	movff	DISPLAY_ShowFloatValue@value,___flmul@a
  2764  000F02  C043  F014         	movff	DISPLAY_ShowFloatValue@value+1,___flmul@a+1
  2765  000F06  C044  F015         	movff	DISPLAY_ShowFloatValue@value+2,___flmul@a+2
  2766  000F0A  C045  F016         	movff	DISPLAY_ShowFloatValue@value+3,___flmul@a+3
  2767  000F0E  C0C2  F001         	movff	DISPLAY_ShowFloatValue@scale_factor,___xxtofl@val
  2768  000F12  C0C3  F002         	movff	DISPLAY_ShowFloatValue@scale_factor+1,___xxtofl@val+1
  2769  000F16  C0C4  F003         	movff	DISPLAY_ShowFloatValue@scale_factor+2,___xxtofl@val+2
  2770  000F1A  C0C5  F004         	movff	DISPLAY_ShowFloatValue@scale_factor+3,___xxtofl@val+3
  2771  000F1E  0E00               	movlw	0
  2772  000F20  EC19  F00D         	call	___xxtofl
  2773  000F24  C001  F00F         	movff	?___xxtofl,___flmul@b
  2774  000F28  C002  F010         	movff	?___xxtofl+1,___flmul@b+1
  2775  000F2C  C003  F011         	movff	?___xxtofl+2,___flmul@b+2
  2776  000F30  C004  F012         	movff	?___xxtofl+3,___flmul@b+3
  2777  000F34  EC13  F009         	call	___flmul	;wreg free
  2778  000F38  C00F  F028         	movff	?___flmul,___fladd@b
  2779  000F3C  C010  F029         	movff	?___flmul+1,___fladd@b+1
  2780  000F40  C011  F02A         	movff	?___flmul+2,___fladd@b+2
  2781  000F44  C012  F02B         	movff	?___flmul+3,___fladd@b+3
  2782  000F48  EC73  F004         	call	___fladd	;wreg free
  2783  000F4C  C028  F038         	movff	?___fladd,___fltol@f1
  2784  000F50  C029  F039         	movff	?___fladd+1,___fltol@f1+1
  2785  000F54  C02A  F03A         	movff	?___fladd+2,___fltol@f1+2
  2786  000F58  C02B  F03B         	movff	?___fladd+3,___fltol@f1+3
  2787  000F5C  EC45  F00F         	call	___fltol	;wreg free
  2788  000F60  C038  F0CA         	movff	?___fltol,DISPLAY_ShowFloatValue@scaled_value
  2789  000F64  C039  F0CB         	movff	?___fltol+1,DISPLAY_ShowFloatValue@scaled_value+1
  2790  000F68  C03A  F0CC         	movff	?___fltol+2,DISPLAY_ShowFloatValue@scaled_value+2
  2791  000F6C  C03B  F0CD         	movff	?___fltol+3,DISPLAY_ShowFloatValue@scaled_value+3
  2792  000F70                     
  2793                           ;main.c: 140:     for (int i = 0; i < 5; i++) {
  2794  000F70  0E00               	movlw	0
  2795  000F72  0100               	movlb	0	; () banked
  2796  000F74  6FD2               	movwf	(DISPLAY_ShowFloatValue@i_334+1)& (0+255),b
  2797  000F76  0E00               	movlw	0
  2798  000F78  6FD1               	movwf	DISPLAY_ShowFloatValue@i_334& (0+255),b
  2799  000F7A                     l2783:
  2800                           
  2801                           ; BSR set to: 0
  2802  000F7A  BFD2               	btfsc	(DISPLAY_ShowFloatValue@i_334+1)& (0+255),7,b
  2803  000F7C  EFC9  F007         	goto	u2941
  2804  000F80  51D2               	movf	(DISPLAY_ShowFloatValue@i_334+1)& (0+255),w,b
  2805  000F82  E109               	bnz	u2940
  2806  000F84  0E05               	movlw	5
  2807  000F86  5DD1               	subwf	DISPLAY_ShowFloatValue@i_334& (0+255),w,b
  2808  000F88  A0D8               	btfss	status,0,c
  2809  000F8A  EFC9  F007         	goto	u2941
  2810  000F8E  EFCB  F007         	goto	u2940
  2811  000F92                     u2941:
  2812  000F92  EFCD  F007         	goto	l2787
  2813  000F96                     u2940:
  2814  000F96  EF06  F008         	goto	l2795
  2815  000F9A                     l2787:
  2816                           
  2817                           ; BSR set to: 0
  2818                           ;main.c: 141:         digits[i] = scaled_value % 10;
  2819  000F9A  0EBA               	movlw	low DISPLAY_ShowFloatValue@digits
  2820  000F9C  25D1               	addwf	DISPLAY_ShowFloatValue@i_334& (0+255),w,b
  2821  000F9E  6ED9               	movwf	fsr2l,c
  2822  000FA0  0E00               	movlw	high DISPLAY_ShowFloatValue@digits
  2823  000FA2  21D2               	addwfc	(DISPLAY_ShowFloatValue@i_334+1)& (0+255),w,b
  2824  000FA4  6EDA               	movwf	fsr2h,c
  2825  000FA6  C0CA  F001         	movff	DISPLAY_ShowFloatValue@scaled_value,___llmod@dividend
  2826  000FAA  C0CB  F002         	movff	DISPLAY_ShowFloatValue@scaled_value+1,___llmod@dividend+1
  2827  000FAE  C0CC  F003         	movff	DISPLAY_ShowFloatValue@scaled_value+2,___llmod@dividend+2
  2828  000FB2  C0CD  F004         	movff	DISPLAY_ShowFloatValue@scaled_value+3,___llmod@dividend+3
  2829  000FB6  0E0A               	movlw	10
  2830  000FB8  6E05               	movwf	___llmod@divisor^0,c
  2831  000FBA  0E00               	movlw	0
  2832  000FBC  6E06               	movwf	(___llmod@divisor+1)^0,c
  2833  000FBE  0E00               	movlw	0
  2834  000FC0  6E07               	movwf	(___llmod@divisor+2)^0,c
  2835  000FC2  0E00               	movlw	0
  2836  000FC4  6E08               	movwf	(___llmod@divisor+3)^0,c
  2837  000FC6  EC01  F011         	call	___llmod	;wreg free
  2838  000FCA  5001               	movf	?___llmod^0,w,c
  2839  000FCC  6EDF               	movwf	indf2,c
  2840  000FCE                     
  2841                           ;main.c: 142:         scaled_value /= 10;
  2842  000FCE  C0CA  F001         	movff	DISPLAY_ShowFloatValue@scaled_value,___lldiv@dividend
  2843  000FD2  C0CB  F002         	movff	DISPLAY_ShowFloatValue@scaled_value+1,___lldiv@dividend+1
  2844  000FD6  C0CC  F003         	movff	DISPLAY_ShowFloatValue@scaled_value+2,___lldiv@dividend+2
  2845  000FDA  C0CD  F004         	movff	DISPLAY_ShowFloatValue@scaled_value+3,___lldiv@dividend+3
  2846  000FDE  0E0A               	movlw	10
  2847  000FE0  6E05               	movwf	___lldiv@divisor^0,c
  2848  000FE2  0E00               	movlw	0
  2849  000FE4  6E06               	movwf	(___lldiv@divisor+1)^0,c
  2850  000FE6  0E00               	movlw	0
  2851  000FE8  6E07               	movwf	(___lldiv@divisor+2)^0,c
  2852  000FEA  0E00               	movlw	0
  2853  000FEC  6E08               	movwf	(___lldiv@divisor+3)^0,c
  2854  000FEE  ECAF  F010         	call	___lldiv	;wreg free
  2855  000FF2  C001  F0CA         	movff	?___lldiv,DISPLAY_ShowFloatValue@scaled_value
  2856  000FF6  C002  F0CB         	movff	?___lldiv+1,DISPLAY_ShowFloatValue@scaled_value+1
  2857  000FFA  C003  F0CC         	movff	?___lldiv+2,DISPLAY_ShowFloatValue@scaled_value+2
  2858  000FFE  C004  F0CD         	movff	?___lldiv+3,DISPLAY_ShowFloatValue@scaled_value+3
  2859  001002                     
  2860                           ;main.c: 143:     }
  2861  001002  0100               	movlb	0	; () banked
  2862  001004  4BD1               	infsnz	DISPLAY_ShowFloatValue@i_334& (0+255),f,b
  2863  001006  2BD2               	incf	(DISPLAY_ShowFloatValue@i_334+1)& (0+255),f,b
  2864  001008  EFBD  F007         	goto	l2783
  2865  00100C                     l2795:
  2866                           
  2867                           ; BSR set to: 0
  2868                           ;main.c: 146:     for (int j = 0; j < 5; j++) {
  2869  00100C  0E00               	movlw	0
  2870  00100E  6FD4               	movwf	(DISPLAY_ShowFloatValue@j+1)& (0+255),b
  2871  001010  0E00               	movlw	0
  2872  001012  6FD3               	movwf	DISPLAY_ShowFloatValue@j& (0+255),b
  2873  001014                     l2797:
  2874                           
  2875                           ; BSR set to: 0
  2876  001014  BFD4               	btfsc	(DISPLAY_ShowFloatValue@j+1)& (0+255),7,b
  2877  001016  EF16  F008         	goto	u2951
  2878  00101A  51D4               	movf	(DISPLAY_ShowFloatValue@j+1)& (0+255),w,b
  2879  00101C  E109               	bnz	u2950
  2880  00101E  0E05               	movlw	5
  2881  001020  5DD3               	subwf	DISPLAY_ShowFloatValue@j& (0+255),w,b
  2882  001022  A0D8               	btfss	status,0,c
  2883  001024  EF16  F008         	goto	u2951
  2884  001028  EF18  F008         	goto	u2950
  2885  00102C                     u2951:
  2886  00102C  EF1A  F008         	goto	l2801
  2887  001030                     u2950:
  2888  001030  EF12  F009         	goto	l316
  2889  001034                     l2801:
  2890                           
  2891                           ; BSR set to: 0
  2892                           ;main.c: 148:         uint8_t digit_index = (5 - 1) - j;
  2893  001034  51D3               	movf	DISPLAY_ShowFloatValue@j& (0+255),w,b
  2894  001036  0804               	sublw	4
  2895  001038  6FD5               	movwf	DISPLAY_ShowFloatValue@digit_index& (0+255),b
  2896  00103A                     
  2897                           ; BSR set to: 0
  2898                           ;main.c: 149:         uint8_t digit_value = digits[digit_index];
  2899  00103A  0EBA               	movlw	low DISPLAY_ShowFloatValue@digits
  2900  00103C  25D5               	addwf	DISPLAY_ShowFloatValue@digit_index& (0+255),w,b
  2901  00103E  6ED9               	movwf	fsr2l,c
  2902  001040  6ADA               	clrf	fsr2h,c
  2903  001042  0E00               	movlw	high DISPLAY_ShowFloatValue@digits
  2904  001044  22DA               	addwfc	fsr2h,f,c
  2905  001046  50DF               	movf	indf2,w,c
  2906  001048  6FCE               	movwf	DISPLAY_ShowFloatValue@digit_value& (0+255),b
  2907  00104A                     
  2908                           ; BSR set to: 0
  2909                           ;main.c: 151:         const uint8_t units_index = num_decimal_digits;
  2910  00104A  C0D0  F0D6         	movff	DISPLAY_ShowFloatValue@num_decimal_digits,DISPLAY_ShowFloatValue@units_index
  2911  00104E                     
  2912                           ; BSR set to: 0
  2913                           ;main.c: 153:         if (digit_value != 0 || (digit_index == units_index) || drawing_ac
      +                          tive) {
  2914  00104E  51CE               	movf	DISPLAY_ShowFloatValue@digit_value& (0+255),w,b
  2915  001050  A4D8               	btfss	status,2,c
  2916  001052  EF2D  F008         	goto	u2961
  2917  001056  EF2F  F008         	goto	u2960
  2918  00105A                     u2961:
  2919  00105A  EF40  F008         	goto	l2813
  2920  00105E                     u2960:
  2921  00105E                     
  2922                           ; BSR set to: 0
  2923  00105E  51D6               	movf	DISPLAY_ShowFloatValue@units_index& (0+255),w,b
  2924  001060  19D5               	xorwf	DISPLAY_ShowFloatValue@digit_index& (0+255),w,b
  2925  001062  B4D8               	btfsc	status,2,c
  2926  001064  EF36  F008         	goto	u2971
  2927  001068  EF38  F008         	goto	u2970
  2928  00106C                     u2971:
  2929  00106C  EF40  F008         	goto	l2813
  2930  001070                     u2970:
  2931  001070                     
  2932                           ; BSR set to: 0
  2933  001070  51BF               	movf	DISPLAY_ShowFloatValue@drawing_active& (0+255),w,b
  2934  001072  B4D8               	btfsc	status,2,c
  2935  001074  EF3E  F008         	goto	u2981
  2936  001078  EF40  F008         	goto	u2980
  2937  00107C                     u2981:
  2938  00107C  EF0E  F009         	goto	l2857
  2939  001080                     u2980:
  2940  001080                     l2813:
  2941                           
  2942                           ; BSR set to: 0
  2943                           ;main.c: 154:             drawing_active = 1;
  2944  001080  0E01               	movlw	1
  2945  001082  6FBF               	movwf	DISPLAY_ShowFloatValue@drawing_active& (0+255),b
  2946  001084                     
  2947                           ; BSR set to: 0
  2948                           ;main.c: 157:             if (digit_index == units_index - 1 && units_index > 0) {
  2949  001084  51D5               	movf	DISPLAY_ShowFloatValue@digit_index& (0+255),w,b
  2950  001086  6E48               	movwf	??_DISPLAY_ShowFloatValue^0,c
  2951  001088  6A49               	clrf	(??_DISPLAY_ShowFloatValue+1)^0,c
  2952  00108A  0EFF               	movlw	255
  2953  00108C  6E4A               	movwf	(??_DISPLAY_ShowFloatValue+2)^0,c
  2954  00108E  0EFF               	movlw	255
  2955  001090  6E4B               	movwf	(??_DISPLAY_ShowFloatValue+3)^0,c
  2956  001092  51D6               	movf	DISPLAY_ShowFloatValue@units_index& (0+255),w,b
  2957  001094  6E4C               	movwf	(??_DISPLAY_ShowFloatValue+4)^0,c
  2958  001096  6A4D               	clrf	(??_DISPLAY_ShowFloatValue+5)^0,c
  2959  001098  504A               	movf	(??_DISPLAY_ShowFloatValue+2)^0,w,c
  2960  00109A  264C               	addwf	(??_DISPLAY_ShowFloatValue+4)^0,f,c
  2961  00109C  504B               	movf	(??_DISPLAY_ShowFloatValue+3)^0,w,c
  2962  00109E  224D               	addwfc	(??_DISPLAY_ShowFloatValue+5)^0,f,c
  2963  0010A0  5048               	movf	??_DISPLAY_ShowFloatValue^0,w,c
  2964  0010A2  184C               	xorwf	(??_DISPLAY_ShowFloatValue+4)^0,w,c
  2965  0010A4  E107               	bnz	u2991
  2966  0010A6  5049               	movf	(??_DISPLAY_ShowFloatValue+1)^0,w,c
  2967  0010A8  184D               	xorwf	(??_DISPLAY_ShowFloatValue+5)^0,w,c
  2968  0010AA  A4D8               	btfss	status,2,c
  2969  0010AC  EF5A  F008         	goto	u2991
  2970  0010B0  EF5C  F008         	goto	u2990
  2971  0010B4                     u2991:
  2972  0010B4  EF04  F009         	goto	l2853
  2973  0010B8                     u2990:
  2974  0010B8                     
  2975                           ; BSR set to: 0
  2976  0010B8  51D6               	movf	DISPLAY_ShowFloatValue@units_index& (0+255),w,b
  2977  0010BA  B4D8               	btfsc	status,2,c
  2978  0010BC  EF62  F008         	goto	u3001
  2979  0010C0  EF64  F008         	goto	u3000
  2980  0010C4                     u3001:
  2981  0010C4  EF04  F009         	goto	l2853
  2982  0010C8                     u3000:
  2983  0010C8                     
  2984                           ; BSR set to: 0
  2985  0010C8  5046               	movf	DISPLAY_ShowFloatValue@start_row^0,w,c
  2986  0010CA  A4D8               	btfss	status,2,c
  2987  0010CC  EF6A  F008         	goto	u3011
  2988  0010D0  EF6C  F008         	goto	u3010
  2989  0010D4                     u3011:
  2990  0010D4  EF72  F008         	goto	l2823
  2991  0010D8                     u3010:
  2992  0010D8                     
  2993                           ; BSR set to: 0
  2994  0010D8  51D7               	movf	DISPLAY_ShowFloatValue@current_col& (0+255),w,b
  2995  0010DA  0F80               	addlw	128
  2996  0010DC  EC36  F013         	call	_LCD_Command
  2997  0010E0  EF9E  F008         	goto	l306
  2998  0010E4                     l2823:
  2999                           
  3000                           ; BSR set to: 0
  3001  0010E4  0446               	decf	DISPLAY_ShowFloatValue@start_row^0,w,c
  3002  0010E6  A4D8               	btfss	status,2,c
  3003  0010E8  EF78  F008         	goto	u3021
  3004  0010EC  EF7A  F008         	goto	u3020
  3005  0010F0                     u3021:
  3006  0010F0  EF80  F008         	goto	l2827
  3007  0010F4                     u3020:
  3008  0010F4                     
  3009                           ; BSR set to: 0
  3010  0010F4  51D7               	movf	DISPLAY_ShowFloatValue@current_col& (0+255),w,b
  3011  0010F6  0FC0               	addlw	192
  3012  0010F8  EC36  F013         	call	_LCD_Command
  3013  0010FC  EF9E  F008         	goto	l306
  3014  001100                     l2827:
  3015                           
  3016                           ; BSR set to: 0
  3017  001100  0E02               	movlw	2
  3018  001102  1846               	xorwf	DISPLAY_ShowFloatValue@start_row^0,w,c
  3019  001104  A4D8               	btfss	status,2,c
  3020  001106  EF87  F008         	goto	u3031
  3021  00110A  EF89  F008         	goto	u3030
  3022  00110E                     u3031:
  3023  00110E  EF8F  F008         	goto	l2831
  3024  001112                     u3030:
  3025  001112                     
  3026                           ; BSR set to: 0
  3027  001112  51D7               	movf	DISPLAY_ShowFloatValue@current_col& (0+255),w,b
  3028  001114  0F94               	addlw	148
  3029  001116  EC36  F013         	call	_LCD_Command
  3030  00111A  EF9E  F008         	goto	l306
  3031  00111E                     l2831:
  3032                           
  3033                           ; BSR set to: 0
  3034  00111E  0E03               	movlw	3
  3035  001120  1846               	xorwf	DISPLAY_ShowFloatValue@start_row^0,w,c
  3036  001122  A4D8               	btfss	status,2,c
  3037  001124  EF96  F008         	goto	u3041
  3038  001128  EF98  F008         	goto	u3040
  3039  00112C                     u3041:
  3040  00112C  EF9E  F008         	goto	l302
  3041  001130                     u3040:
  3042  001130                     
  3043                           ; BSR set to: 0
  3044  001130  51D7               	movf	DISPLAY_ShowFloatValue@current_col& (0+255),w,b
  3045  001132  0FD4               	addlw	212
  3046  001134  EC36  F013         	call	_LCD_Command
  3047  001138  EF9E  F008         	goto	l306
  3048  00113C                     l302:
  3049  00113C                     l306:
  3050                           
  3051                           ;main.c: 159:                 LCD_putc(254);
  3052  00113C  0EFE               	movlw	254
  3053  00113E  EC58  F013         	call	_LCD_putc
  3054  001142  5046               	movf	DISPLAY_ShowFloatValue@start_row^0,w,c
  3055  001144  6E48               	movwf	??_DISPLAY_ShowFloatValue^0,c
  3056  001146  6A49               	clrf	(??_DISPLAY_ShowFloatValue+1)^0,c
  3057  001148  0E01               	movlw	1
  3058  00114A  2648               	addwf	??_DISPLAY_ShowFloatValue^0,f,c
  3059  00114C  0E00               	movlw	0
  3060  00114E  2249               	addwfc	(??_DISPLAY_ShowFloatValue+1)^0,f,c
  3061  001150  5048               	movf	??_DISPLAY_ShowFloatValue^0,w,c
  3062  001152  1049               	iorwf	(??_DISPLAY_ShowFloatValue+1)^0,w,c
  3063  001154  A4D8               	btfss	status,2,c
  3064  001156  EFAF  F008         	goto	u3051
  3065  00115A  EFB1  F008         	goto	u3050
  3066  00115E                     u3051:
  3067  00115E  EFB8  F008         	goto	l2839
  3068  001162                     u3050:
  3069  001162  0100               	movlb	0	; () banked
  3070  001164  51D7               	movf	DISPLAY_ShowFloatValue@current_col& (0+255),w,b
  3071  001166  0F80               	addlw	128
  3072  001168  EC36  F013         	call	_LCD_Command
  3073  00116C  EFFF  F008         	goto	l315
  3074  001170                     l2839:
  3075  001170  5046               	movf	DISPLAY_ShowFloatValue@start_row^0,w,c
  3076  001172  6E48               	movwf	??_DISPLAY_ShowFloatValue^0,c
  3077  001174  6A49               	clrf	(??_DISPLAY_ShowFloatValue+1)^0,c
  3078  001176  0E01               	movlw	1
  3079  001178  2648               	addwf	??_DISPLAY_ShowFloatValue^0,f,c
  3080  00117A  0E00               	movlw	0
  3081  00117C  2249               	addwfc	(??_DISPLAY_ShowFloatValue+1)^0,f,c
  3082  00117E  0448               	decf	??_DISPLAY_ShowFloatValue^0,w,c
  3083  001180  1049               	iorwf	(??_DISPLAY_ShowFloatValue+1)^0,w,c
  3084  001182  A4D8               	btfss	status,2,c
  3085  001184  EFC6  F008         	goto	u3061
  3086  001188  EFC8  F008         	goto	u3060
  3087  00118C                     u3061:
  3088  00118C  EFCF  F008         	goto	l2843
  3089  001190                     u3060:
  3090  001190  0100               	movlb	0	; () banked
  3091  001192  51D7               	movf	DISPLAY_ShowFloatValue@current_col& (0+255),w,b
  3092  001194  0FC0               	addlw	192
  3093  001196  EC36  F013         	call	_LCD_Command
  3094  00119A  EFFF  F008         	goto	l315
  3095  00119E                     l2843:
  3096  00119E  5046               	movf	DISPLAY_ShowFloatValue@start_row^0,w,c
  3097  0011A0  6E48               	movwf	??_DISPLAY_ShowFloatValue^0,c
  3098  0011A2  6A49               	clrf	(??_DISPLAY_ShowFloatValue+1)^0,c
  3099  0011A4  0E01               	movlw	1
  3100  0011A6  2648               	addwf	??_DISPLAY_ShowFloatValue^0,f,c
  3101  0011A8  0E00               	movlw	0
  3102  0011AA  2249               	addwfc	(??_DISPLAY_ShowFloatValue+1)^0,f,c
  3103  0011AC  0E02               	movlw	2
  3104  0011AE  1848               	xorwf	??_DISPLAY_ShowFloatValue^0,w,c
  3105  0011B0  1049               	iorwf	(??_DISPLAY_ShowFloatValue+1)^0,w,c
  3106  0011B2  A4D8               	btfss	status,2,c
  3107  0011B4  EFDE  F008         	goto	u3071
  3108  0011B8  EFE0  F008         	goto	u3070
  3109  0011BC                     u3071:
  3110  0011BC  EFE7  F008         	goto	l2847
  3111  0011C0                     u3070:
  3112  0011C0  0100               	movlb	0	; () banked
  3113  0011C2  51D7               	movf	DISPLAY_ShowFloatValue@current_col& (0+255),w,b
  3114  0011C4  0F94               	addlw	148
  3115  0011C6  EC36  F013         	call	_LCD_Command
  3116  0011CA  EFFF  F008         	goto	l315
  3117  0011CE                     l2847:
  3118  0011CE  5046               	movf	DISPLAY_ShowFloatValue@start_row^0,w,c
  3119  0011D0  6E48               	movwf	??_DISPLAY_ShowFloatValue^0,c
  3120  0011D2  6A49               	clrf	(??_DISPLAY_ShowFloatValue+1)^0,c
  3121  0011D4  0E01               	movlw	1
  3122  0011D6  2648               	addwf	??_DISPLAY_ShowFloatValue^0,f,c
  3123  0011D8  0E00               	movlw	0
  3124  0011DA  2249               	addwfc	(??_DISPLAY_ShowFloatValue+1)^0,f,c
  3125  0011DC  0E03               	movlw	3
  3126  0011DE  1848               	xorwf	??_DISPLAY_ShowFloatValue^0,w,c
  3127  0011E0  1049               	iorwf	(??_DISPLAY_ShowFloatValue+1)^0,w,c
  3128  0011E2  A4D8               	btfss	status,2,c
  3129  0011E4  EFF6  F008         	goto	u3081
  3130  0011E8  EFF8  F008         	goto	u3080
  3131  0011EC                     u3081:
  3132  0011EC  EFFF  F008         	goto	l311
  3133  0011F0                     u3080:
  3134  0011F0  0100               	movlb	0	; () banked
  3135  0011F2  51D7               	movf	DISPLAY_ShowFloatValue@current_col& (0+255),w,b
  3136  0011F4  0FD4               	addlw	212
  3137  0011F6  EC36  F013         	call	_LCD_Command
  3138  0011FA  EFFF  F008         	goto	l315
  3139  0011FE                     l311:
  3140  0011FE                     l315:
  3141                           
  3142                           ;main.c: 161:                 LCD_putc(223);
  3143  0011FE  0EDF               	movlw	223
  3144  001200  EC58  F013         	call	_LCD_putc
  3145  001204                     
  3146                           ;main.c: 162:                 current_col += 1;
  3147  001204  0100               	movlb	0	; () banked
  3148  001206  2BD7               	incf	DISPLAY_ShowFloatValue@current_col& (0+255),f,b
  3149  001208                     l2853:
  3150                           
  3151                           ; BSR set to: 0
  3152                           ;main.c: 165:             LCD_DrawBigDigit(digit_value, start_row, current_col);
  3153  001208  C046  F013         	movff	DISPLAY_ShowFloatValue@start_row,LCD_DrawBigDigit@xpos
  3154  00120C  C0D7  F014         	movff	DISPLAY_ShowFloatValue@current_col,LCD_DrawBigDigit@ypos
  3155  001210  51CE               	movf	DISPLAY_ShowFloatValue@digit_value& (0+255),w,b
  3156  001212  EC3A  F00B         	call	_LCD_DrawBigDigit
  3157  001216                     
  3158                           ;main.c: 166:             current_col += 2;
  3159  001216  0E02               	movlw	2
  3160  001218  0100               	movlb	0	; () banked
  3161  00121A  27D7               	addwf	DISPLAY_ShowFloatValue@current_col& (0+255),f,b
  3162  00121C                     l2857:
  3163                           
  3164                           ; BSR set to: 0
  3165                           ;main.c: 168:     }
  3166  00121C  4BD3               	infsnz	DISPLAY_ShowFloatValue@j& (0+255),f,b
  3167  00121E  2BD4               	incf	(DISPLAY_ShowFloatValue@j+1)& (0+255),f,b
  3168  001220  EF0A  F008         	goto	l2797
  3169  001224                     l316:
  3170                           
  3171                           ; BSR set to: 0
  3172  001224  0012               	return		;funcret
  3173  001226                     __end_of_DISPLAY_ShowFloatValue:
  3174                           	callstack 0
  3175                           
  3176 ;; *************** function ___xxtofl *****************
  3177 ;; Defined at:
  3178 ;;		line 10 in file "C:\Program Files\Microchip\xc8\v2.36\pic\sources\c99\common\xxtofl.c"
  3179 ;; Parameters:    Size  Location     Type
  3180 ;;  sign            1    wreg     unsigned char 
  3181 ;;  val             4    0[COMRAM] long 
  3182 ;; Auto vars:     Size  Location     Type
  3183 ;;  sign            1    8[COMRAM] unsigned char 
  3184 ;;  arg             4   10[COMRAM] unsigned long 
  3185 ;;  exp             1    9[COMRAM] unsigned char 
  3186 ;; Return value:  Size  Location     Type
  3187 ;;                  4    0[COMRAM] unsigned char 
  3188 ;; Registers used:
  3189 ;;		wreg, status,2, status,0
  3190 ;; Tracked objects:
  3191 ;;		On entry : 0/0
  3192 ;;		On exit  : 0/0
  3193 ;;		Unchanged: 0/0
  3194 ;; Data sizes:     COMRAM   BANK0   BANK1   BANK2   BANK3   BANK4   BANK5   BANK6   BANK7
  3195 ;;      Params:         4       0       0       0       0       0       0       0       0
  3196 ;;      Locals:         6       0       0       0       0       0       0       0       0
  3197 ;;      Temps:          4       0       0       0       0       0       0       0       0
  3198 ;;      Totals:        14       0       0       0       0       0       0       0       0
  3199 ;;Total ram usage:       14 bytes
  3200 ;; Hardware stack levels used: 1
  3201 ;; This function calls:
  3202 ;;		Nothing
  3203 ;; This function is called by:
  3204 ;;		_main
  3205 ;;		_DISPLAY_ShowFloatValue
  3206 ;; This function uses a non-reentrant model
  3207 ;;
  3208                           
  3209                           	psect	text13
  3210  001A32                     __ptext13:
  3211                           	callstack 0
  3212  001A32                     ___xxtofl:
  3213                           	callstack 30
  3214                           
  3215                           ; BSR set to: 0
  3216                           ;incstack = 0
  3217                           ;___xxtofl@sign stored from wreg
  3218  001A32  6E09               	movwf	___xxtofl@sign^0,c
  3219  001A34  5009               	movf	___xxtofl@sign^0,w,c
  3220  001A36  B4D8               	btfsc	status,2,c
  3221  001A38  EF20  F00D         	goto	u2781
  3222  001A3C  EF22  F00D         	goto	u2780
  3223  001A40                     u2781:
  3224  001A40  EF44  F00D         	goto	l1023
  3225  001A44                     u2780:
  3226  001A44  BE04               	btfsc	(___xxtofl@val+3)^0,7,c
  3227  001A46  EF29  F00D         	goto	u2790
  3228  001A4A  EF27  F00D         	goto	u2791
  3229  001A4E                     u2791:
  3230  001A4E  EF44  F00D         	goto	l1023
  3231  001A52                     u2790:
  3232  001A52  C001  F005         	movff	___xxtofl@val,??___xxtofl
  3233  001A56  C002  F006         	movff	___xxtofl@val+1,??___xxtofl+1
  3234  001A5A  C003  F007         	movff	___xxtofl@val+2,??___xxtofl+2
  3235  001A5E  C004  F008         	movff	___xxtofl@val+3,??___xxtofl+3
  3236  001A62  1E05               	comf	??___xxtofl^0,f,c
  3237  001A64  1E06               	comf	(??___xxtofl+1)^0,f,c
  3238  001A66  1E07               	comf	(??___xxtofl+2)^0,f,c
  3239  001A68  1E08               	comf	(??___xxtofl+3)^0,f,c
  3240  001A6A  2A05               	incf	??___xxtofl^0,f,c
  3241  001A6C  0E00               	movlw	0
  3242  001A6E  2206               	addwfc	(??___xxtofl+1)^0,f,c
  3243  001A70  2207               	addwfc	(??___xxtofl+2)^0,f,c
  3244  001A72  2208               	addwfc	(??___xxtofl+3)^0,f,c
  3245  001A74  C005  F00B         	movff	??___xxtofl,___xxtofl@arg
  3246  001A78  C006  F00C         	movff	??___xxtofl+1,___xxtofl@arg+1
  3247  001A7C  C007  F00D         	movff	??___xxtofl+2,___xxtofl@arg+2
  3248  001A80  C008  F00E         	movff	??___xxtofl+3,___xxtofl@arg+3
  3249  001A84  EF4C  F00D         	goto	l2663
  3250  001A88                     l1023:
  3251  001A88  C001  F00B         	movff	___xxtofl@val,___xxtofl@arg
  3252  001A8C  C002  F00C         	movff	___xxtofl@val+1,___xxtofl@arg+1
  3253  001A90  C003  F00D         	movff	___xxtofl@val+2,___xxtofl@arg+2
  3254  001A94  C004  F00E         	movff	___xxtofl@val+3,___xxtofl@arg+3
  3255  001A98                     l2663:
  3256  001A98  5001               	movf	___xxtofl@val^0,w,c
  3257  001A9A  1002               	iorwf	(___xxtofl@val+1)^0,w,c
  3258  001A9C  1003               	iorwf	(___xxtofl@val+2)^0,w,c
  3259  001A9E  1004               	iorwf	(___xxtofl@val+3)^0,w,c
  3260  001AA0  A4D8               	btfss	status,2,c
  3261  001AA2  EF55  F00D         	goto	u2801
  3262  001AA6  EF57  F00D         	goto	u2800
  3263  001AAA                     u2801:
  3264  001AAA  EF61  F00D         	goto	l2669
  3265  001AAE                     u2800:
  3266  001AAE  0E00               	movlw	0
  3267  001AB0  6E01               	movwf	?___xxtofl^0,c
  3268  001AB2  0E00               	movlw	0
  3269  001AB4  6E02               	movwf	(?___xxtofl+1)^0,c
  3270  001AB6  0E00               	movlw	0
  3271  001AB8  6E03               	movwf	(?___xxtofl+2)^0,c
  3272  001ABA  0E00               	movlw	0
  3273  001ABC  6E04               	movwf	(?___xxtofl+3)^0,c
  3274  001ABE  EFF2  F00D         	goto	l1026
  3275  001AC2                     l2669:
  3276  001AC2  0E96               	movlw	150
  3277  001AC4  6E0A               	movwf	___xxtofl@exp^0,c
  3278  001AC6  EF6B  F00D         	goto	l2673
  3279  001ACA                     l2671:
  3280  001ACA  2A0A               	incf	___xxtofl@exp^0,f,c
  3281  001ACC  90D8               	bcf	status,0,c
  3282  001ACE  320E               	rrcf	(___xxtofl@arg+3)^0,f,c
  3283  001AD0  320D               	rrcf	(___xxtofl@arg+2)^0,f,c
  3284  001AD2  320C               	rrcf	(___xxtofl@arg+1)^0,f,c
  3285  001AD4  320B               	rrcf	___xxtofl@arg^0,f,c
  3286  001AD6                     l2673:
  3287  001AD6  0E00               	movlw	0
  3288  001AD8  140B               	andwf	___xxtofl@arg^0,w,c
  3289  001ADA  6E05               	movwf	??___xxtofl^0,c
  3290  001ADC  0E00               	movlw	0
  3291  001ADE  140C               	andwf	(___xxtofl@arg+1)^0,w,c
  3292  001AE0  6E06               	movwf	(??___xxtofl+1)^0,c
  3293  001AE2  0E00               	movlw	0
  3294  001AE4  140D               	andwf	(___xxtofl@arg+2)^0,w,c
  3295  001AE6  6E07               	movwf	(??___xxtofl+2)^0,c
  3296  001AE8  0EFE               	movlw	254
  3297  001AEA  140E               	andwf	(___xxtofl@arg+3)^0,w,c
  3298  001AEC  6E08               	movwf	(??___xxtofl+3)^0,c
  3299  001AEE  5005               	movf	??___xxtofl^0,w,c
  3300  001AF0  1006               	iorwf	(??___xxtofl+1)^0,w,c
  3301  001AF2  1007               	iorwf	(??___xxtofl+2)^0,w,c
  3302  001AF4  1008               	iorwf	(??___xxtofl+3)^0,w,c
  3303  001AF6  A4D8               	btfss	status,2,c
  3304  001AF8  EF80  F00D         	goto	u2811
  3305  001AFC  EF82  F00D         	goto	u2810
  3306  001B00                     u2811:
  3307  001B00  EF65  F00D         	goto	l2671
  3308  001B04                     u2810:
  3309  001B04  EF90  F00D         	goto	l1030
  3310  001B08                     l2675:
  3311  001B08  2A0A               	incf	___xxtofl@exp^0,f,c
  3312  001B0A  0E01               	movlw	1
  3313  001B0C  260B               	addwf	___xxtofl@arg^0,f,c
  3314  001B0E  0E00               	movlw	0
  3315  001B10  220C               	addwfc	(___xxtofl@arg+1)^0,f,c
  3316  001B12  220D               	addwfc	(___xxtofl@arg+2)^0,f,c
  3317  001B14  220E               	addwfc	(___xxtofl@arg+3)^0,f,c
  3318  001B16  90D8               	bcf	status,0,c
  3319  001B18  320E               	rrcf	(___xxtofl@arg+3)^0,f,c
  3320  001B1A  320D               	rrcf	(___xxtofl@arg+2)^0,f,c
  3321  001B1C  320C               	rrcf	(___xxtofl@arg+1)^0,f,c
  3322  001B1E  320B               	rrcf	___xxtofl@arg^0,f,c
  3323  001B20                     l1030:
  3324  001B20  0E00               	movlw	0
  3325  001B22  140B               	andwf	___xxtofl@arg^0,w,c
  3326  001B24  6E05               	movwf	??___xxtofl^0,c
  3327  001B26  0E00               	movlw	0
  3328  001B28  140C               	andwf	(___xxtofl@arg+1)^0,w,c
  3329  001B2A  6E06               	movwf	(??___xxtofl+1)^0,c
  3330  001B2C  0E00               	movlw	0
  3331  001B2E  140D               	andwf	(___xxtofl@arg+2)^0,w,c
  3332  001B30  6E07               	movwf	(??___xxtofl+2)^0,c
  3333  001B32  0EFF               	movlw	255
  3334  001B34  140E               	andwf	(___xxtofl@arg+3)^0,w,c
  3335  001B36  6E08               	movwf	(??___xxtofl+3)^0,c
  3336  001B38  5005               	movf	??___xxtofl^0,w,c
  3337  001B3A  1006               	iorwf	(??___xxtofl+1)^0,w,c
  3338  001B3C  1007               	iorwf	(??___xxtofl+2)^0,w,c
  3339  001B3E  1008               	iorwf	(??___xxtofl+3)^0,w,c
  3340  001B40  A4D8               	btfss	status,2,c
  3341  001B42  EFA5  F00D         	goto	u2821
  3342  001B46  EFA7  F00D         	goto	u2820
  3343  001B4A                     u2821:
  3344  001B4A  EF84  F00D         	goto	l2675
  3345  001B4E                     u2820:
  3346  001B4E  EFAF  F00D         	goto	l2683
  3347  001B52                     l2681:
  3348  001B52  060A               	decf	___xxtofl@exp^0,f,c
  3349  001B54  90D8               	bcf	status,0,c
  3350  001B56  360B               	rlcf	___xxtofl@arg^0,f,c
  3351  001B58  360C               	rlcf	(___xxtofl@arg+1)^0,f,c
  3352  001B5A  360D               	rlcf	(___xxtofl@arg+2)^0,f,c
  3353  001B5C  360E               	rlcf	(___xxtofl@arg+3)^0,f,c
  3354  001B5E                     l2683:
  3355  001B5E  BE0D               	btfsc	(___xxtofl@arg+2)^0,7,c
  3356  001B60  EFB4  F00D         	goto	u2831
  3357  001B64  EFB6  F00D         	goto	u2830
  3358  001B68                     u2831:
  3359  001B68  EFBE  F00D         	goto	l1037
  3360  001B6C                     u2830:
  3361  001B6C  0E02               	movlw	2
  3362  001B6E  600A               	cpfslt	___xxtofl@exp^0,c
  3363  001B70  EFBC  F00D         	goto	u2841
  3364  001B74  EFBE  F00D         	goto	u2840
  3365  001B78                     u2841:
  3366  001B78  EFA9  F00D         	goto	l2681
  3367  001B7C                     u2840:
  3368  001B7C                     l1037:
  3369  001B7C  B00A               	btfsc	___xxtofl@exp^0,0,c
  3370  001B7E  EFC3  F00D         	goto	u2851
  3371  001B82  EFC5  F00D         	goto	u2850
  3372  001B86                     u2851:
  3373  001B86  EFC6  F00D         	goto	l2689
  3374  001B8A                     u2850:
  3375  001B8A  9E0D               	bcf	(___xxtofl@arg+2)^0,7,c
  3376  001B8C                     l2689:
  3377  001B8C  90D8               	bcf	status,0,c
  3378  001B8E  320A               	rrcf	___xxtofl@exp^0,f,c
  3379  001B90  C00A  F005         	movff	___xxtofl@exp,??___xxtofl
  3380  001B94  6A06               	clrf	(??___xxtofl+1)^0,c
  3381  001B96  6A07               	clrf	(??___xxtofl+2)^0,c
  3382  001B98  6A08               	clrf	(??___xxtofl+3)^0,c
  3383  001B9A  C005  F008         	movff	??___xxtofl,??___xxtofl+3
  3384  001B9E  6A07               	clrf	(??___xxtofl+2)^0,c
  3385  001BA0  6A06               	clrf	(??___xxtofl+1)^0,c
  3386  001BA2  6A05               	clrf	??___xxtofl^0,c
  3387  001BA4  5005               	movf	??___xxtofl^0,w,c
  3388  001BA6  120B               	iorwf	___xxtofl@arg^0,f,c
  3389  001BA8  5006               	movf	(??___xxtofl+1)^0,w,c
  3390  001BAA  120C               	iorwf	(___xxtofl@arg+1)^0,f,c
  3391  001BAC  5007               	movf	(??___xxtofl+2)^0,w,c
  3392  001BAE  120D               	iorwf	(___xxtofl@arg+2)^0,f,c
  3393  001BB0  5008               	movf	(??___xxtofl+3)^0,w,c
  3394  001BB2  120E               	iorwf	(___xxtofl@arg+3)^0,f,c
  3395  001BB4  5009               	movf	___xxtofl@sign^0,w,c
  3396  001BB6  B4D8               	btfsc	status,2,c
  3397  001BB8  EFE0  F00D         	goto	u2861
  3398  001BBC  EFE2  F00D         	goto	u2860
  3399  001BC0                     u2861:
  3400  001BC0  EFEA  F00D         	goto	l2699
  3401  001BC4                     u2860:
  3402  001BC4  BE04               	btfsc	(___xxtofl@val+3)^0,7,c
  3403  001BC6  EFE9  F00D         	goto	u2870
  3404  001BCA  EFE7  F00D         	goto	u2871
  3405  001BCE                     u2871:
  3406  001BCE  EFEA  F00D         	goto	l2699
  3407  001BD2                     u2870:
  3408  001BD2  8E0E               	bsf	(___xxtofl@arg+3)^0,7,c
  3409  001BD4                     l2699:
  3410  001BD4  C00B  F001         	movff	___xxtofl@arg,?___xxtofl
  3411  001BD8  C00C  F002         	movff	___xxtofl@arg+1,?___xxtofl+1
  3412  001BDC  C00D  F003         	movff	___xxtofl@arg+2,?___xxtofl+2
  3413  001BE0  C00E  F004         	movff	___xxtofl@arg+3,?___xxtofl+3
  3414  001BE4                     l1026:
  3415  001BE4  0012               	return		;funcret
  3416  001BE6                     __end_of___xxtofl:
  3417                           	callstack 0
  3418                           
  3419 ;; *************** function ___lmul *****************
  3420 ;; Defined at:
  3421 ;;		line 15 in file "C:\Program Files\Microchip\xc8\v2.36\pic\sources\c99\common\Umul32.c"
  3422 ;; Parameters:    Size  Location     Type
  3423 ;;  multiplier      4    0[COMRAM] unsigned long 
  3424 ;;  multiplicand    4    4[COMRAM] unsigned long 
  3425 ;; Auto vars:     Size  Location     Type
  3426 ;;  product         4    8[COMRAM] unsigned long 
  3427 ;; Return value:  Size  Location     Type
  3428 ;;                  4    0[COMRAM] unsigned long 
  3429 ;; Registers used:
  3430 ;;		wreg, status,2, status,0
  3431 ;; Tracked objects:
  3432 ;;		On entry : 0/0
  3433 ;;		On exit  : 0/0
  3434 ;;		Unchanged: 0/0
  3435 ;; Data sizes:     COMRAM   BANK0   BANK1   BANK2   BANK3   BANK4   BANK5   BANK6   BANK7
  3436 ;;      Params:         8       0       0       0       0       0       0       0       0
  3437 ;;      Locals:         4       0       0       0       0       0       0       0       0
  3438 ;;      Temps:          0       0       0       0       0       0       0       0       0
  3439 ;;      Totals:        12       0       0       0       0       0       0       0       0
  3440 ;;Total ram usage:       12 bytes
  3441 ;; Hardware stack levels used: 1
  3442 ;; This function calls:
  3443 ;;		Nothing
  3444 ;; This function is called by:
  3445 ;;		_DISPLAY_ShowFloatValue
  3446 ;; This function uses a non-reentrant model
  3447 ;;
  3448                           
  3449                           	psect	text14
  3450  0023E0                     __ptext14:
  3451                           	callstack 0
  3452  0023E0                     ___lmul:
  3453                           	callstack 29
  3454  0023E0  0E00               	movlw	0
  3455  0023E2  6E09               	movwf	___lmul@product^0,c
  3456  0023E4  0E00               	movlw	0
  3457  0023E6  6E0A               	movwf	(___lmul@product+1)^0,c
  3458  0023E8  0E00               	movlw	0
  3459  0023EA  6E0B               	movwf	(___lmul@product+2)^0,c
  3460  0023EC  0E00               	movlw	0
  3461  0023EE  6E0C               	movwf	(___lmul@product+3)^0,c
  3462  0023F0                     l2213:
  3463  0023F0  A001               	btfss	___lmul@multiplier^0,0,c
  3464  0023F2  EFFD  F011         	goto	u2001
  3465  0023F6  EFFF  F011         	goto	u2000
  3466  0023FA                     u2001:
  3467  0023FA  EF07  F012         	goto	l2217
  3468  0023FE                     u2000:
  3469  0023FE  5005               	movf	___lmul@multiplicand^0,w,c
  3470  002400  2609               	addwf	___lmul@product^0,f,c
  3471  002402  5006               	movf	(___lmul@multiplicand+1)^0,w,c
  3472  002404  220A               	addwfc	(___lmul@product+1)^0,f,c
  3473  002406  5007               	movf	(___lmul@multiplicand+2)^0,w,c
  3474  002408  220B               	addwfc	(___lmul@product+2)^0,f,c
  3475  00240A  5008               	movf	(___lmul@multiplicand+3)^0,w,c
  3476  00240C  220C               	addwfc	(___lmul@product+3)^0,f,c
  3477  00240E                     l2217:
  3478  00240E  90D8               	bcf	status,0,c
  3479  002410  3605               	rlcf	___lmul@multiplicand^0,f,c
  3480  002412  3606               	rlcf	(___lmul@multiplicand+1)^0,f,c
  3481  002414  3607               	rlcf	(___lmul@multiplicand+2)^0,f,c
  3482  002416  3608               	rlcf	(___lmul@multiplicand+3)^0,f,c
  3483  002418  90D8               	bcf	status,0,c
  3484  00241A  3204               	rrcf	(___lmul@multiplier+3)^0,f,c
  3485  00241C  3203               	rrcf	(___lmul@multiplier+2)^0,f,c
  3486  00241E  3202               	rrcf	(___lmul@multiplier+1)^0,f,c
  3487  002420  3201               	rrcf	___lmul@multiplier^0,f,c
  3488  002422  5001               	movf	___lmul@multiplier^0,w,c
  3489  002424  1002               	iorwf	(___lmul@multiplier+1)^0,w,c
  3490  002426  1003               	iorwf	(___lmul@multiplier+2)^0,w,c
  3491  002428  1004               	iorwf	(___lmul@multiplier+3)^0,w,c
  3492  00242A  A4D8               	btfss	status,2,c
  3493  00242C  EF1A  F012         	goto	u2011
  3494  002430  EF1C  F012         	goto	u2010
  3495  002434                     u2011:
  3496  002434  EFF8  F011         	goto	l2213
  3497  002438                     u2010:
  3498  002438  C009  F001         	movff	___lmul@product,?___lmul
  3499  00243C  C00A  F002         	movff	___lmul@product+1,?___lmul+1
  3500  002440  C00B  F003         	movff	___lmul@product+2,?___lmul+2
  3501  002444  C00C  F004         	movff	___lmul@product+3,?___lmul+3
  3502  002448  0012               	return		;funcret
  3503  00244A                     __end_of___lmul:
  3504                           	callstack 0
  3505                           
  3506 ;; *************** function ___llmod *****************
  3507 ;; Defined at:
  3508 ;;		line 7 in file "C:\Program Files\Microchip\xc8\v2.36\pic\sources\c99\common\llmod.c"
  3509 ;; Parameters:    Size  Location     Type
  3510 ;;  dividend        4    0[COMRAM] unsigned long 
  3511 ;;  divisor         4    4[COMRAM] unsigned long 
  3512 ;; Auto vars:     Size  Location     Type
  3513 ;;  counter         1    8[COMRAM] unsigned char 
  3514 ;; Return value:  Size  Location     Type
  3515 ;;                  4    0[COMRAM] unsigned long 
  3516 ;; Registers used:
  3517 ;;		wreg, status,2, status,0
  3518 ;; Tracked objects:
  3519 ;;		On entry : 0/0
  3520 ;;		On exit  : 0/0
  3521 ;;		Unchanged: 0/0
  3522 ;; Data sizes:     COMRAM   BANK0   BANK1   BANK2   BANK3   BANK4   BANK5   BANK6   BANK7
  3523 ;;      Params:         8       0       0       0       0       0       0       0       0
  3524 ;;      Locals:         1       0       0       0       0       0       0       0       0
  3525 ;;      Temps:          0       0       0       0       0       0       0       0       0
  3526 ;;      Totals:         9       0       0       0       0       0       0       0       0
  3527 ;;Total ram usage:        9 bytes
  3528 ;; Hardware stack levels used: 1
  3529 ;; This function calls:
  3530 ;;		Nothing
  3531 ;; This function is called by:
  3532 ;;		_DISPLAY_ShowFloatValue
  3533 ;; This function uses a non-reentrant model
  3534 ;;
  3535                           
  3536                           	psect	text15
  3537  002202                     __ptext15:
  3538                           	callstack 0
  3539  002202                     ___llmod:
  3540                           	callstack 29
  3541  002202  5005               	movf	___llmod@divisor^0,w,c
  3542  002204  1006               	iorwf	(___llmod@divisor+1)^0,w,c
  3543  002206  1007               	iorwf	(___llmod@divisor+2)^0,w,c
  3544  002208  1008               	iorwf	(___llmod@divisor+3)^0,w,c
  3545  00220A  B4D8               	btfsc	status,2,c
  3546  00220C  EF0A  F011         	goto	u2751
  3547  002210  EF0C  F011         	goto	u2750
  3548  002214                     u2751:
  3549  002214  EF3C  F011         	goto	l788
  3550  002218                     u2750:
  3551  002218  0E01               	movlw	1
  3552  00221A  6E09               	movwf	___llmod@counter^0,c
  3553  00221C  EF16  F011         	goto	l2647
  3554  002220                     l2645:
  3555  002220  90D8               	bcf	status,0,c
  3556  002222  3605               	rlcf	___llmod@divisor^0,f,c
  3557  002224  3606               	rlcf	(___llmod@divisor+1)^0,f,c
  3558  002226  3607               	rlcf	(___llmod@divisor+2)^0,f,c
  3559  002228  3608               	rlcf	(___llmod@divisor+3)^0,f,c
  3560  00222A  2A09               	incf	___llmod@counter^0,f,c
  3561  00222C                     l2647:
  3562  00222C  AE08               	btfss	(___llmod@divisor+3)^0,7,c
  3563  00222E  EF1B  F011         	goto	u2761
  3564  002232  EF1D  F011         	goto	u2760
  3565  002236                     u2761:
  3566  002236  EF10  F011         	goto	l2645
  3567  00223A                     u2760:
  3568  00223A                     l2649:
  3569  00223A  5005               	movf	___llmod@divisor^0,w,c
  3570  00223C  5C01               	subwf	___llmod@dividend^0,w,c
  3571  00223E  5006               	movf	(___llmod@divisor+1)^0,w,c
  3572  002240  5802               	subwfb	(___llmod@dividend+1)^0,w,c
  3573  002242  5007               	movf	(___llmod@divisor+2)^0,w,c
  3574  002244  5803               	subwfb	(___llmod@dividend+2)^0,w,c
  3575  002246  5008               	movf	(___llmod@divisor+3)^0,w,c
  3576  002248  5804               	subwfb	(___llmod@dividend+3)^0,w,c
  3577  00224A  A0D8               	btfss	status,0,c
  3578  00224C  EF2A  F011         	goto	u2771
  3579  002250  EF2C  F011         	goto	u2770
  3580  002254                     u2771:
  3581  002254  EF34  F011         	goto	l2653
  3582  002258                     u2770:
  3583  002258  5005               	movf	___llmod@divisor^0,w,c
  3584  00225A  5E01               	subwf	___llmod@dividend^0,f,c
  3585  00225C  5006               	movf	(___llmod@divisor+1)^0,w,c
  3586  00225E  5A02               	subwfb	(___llmod@dividend+1)^0,f,c
  3587  002260  5007               	movf	(___llmod@divisor+2)^0,w,c
  3588  002262  5A03               	subwfb	(___llmod@dividend+2)^0,f,c
  3589  002264  5008               	movf	(___llmod@divisor+3)^0,w,c
  3590  002266  5A04               	subwfb	(___llmod@dividend+3)^0,f,c
  3591  002268                     l2653:
  3592  002268  90D8               	bcf	status,0,c
  3593  00226A  3208               	rrcf	(___llmod@divisor+3)^0,f,c
  3594  00226C  3207               	rrcf	(___llmod@divisor+2)^0,f,c
  3595  00226E  3206               	rrcf	(___llmod@divisor+1)^0,f,c
  3596  002270  3205               	rrcf	___llmod@divisor^0,f,c
  3597  002272  2E09               	decfsz	___llmod@counter^0,f,c
  3598  002274  EF1D  F011         	goto	l2649
  3599  002278                     l788:
  3600  002278  C001  F001         	movff	___llmod@dividend,?___llmod
  3601  00227C  C002  F002         	movff	___llmod@dividend+1,?___llmod+1
  3602  002280  C003  F003         	movff	___llmod@dividend+2,?___llmod+2
  3603  002284  C004  F004         	movff	___llmod@dividend+3,?___llmod+3
  3604  002288  0012               	return		;funcret
  3605  00228A                     __end_of___llmod:
  3606                           	callstack 0
  3607                           
  3608 ;; *************** function ___lldiv *****************
  3609 ;; Defined at:
  3610 ;;		line 7 in file "C:\Program Files\Microchip\xc8\v2.36\pic\sources\c99\common\__lldiv.c"
  3611 ;; Parameters:    Size  Location     Type
  3612 ;;  dividend        4    0[COMRAM] unsigned long 
  3613 ;;  divisor         4    4[COMRAM] unsigned long 
  3614 ;; Auto vars:     Size  Location     Type
  3615 ;;  quotient        4    8[COMRAM] unsigned long 
  3616 ;;  counter         1   12[COMRAM] unsigned char 
  3617 ;; Return value:  Size  Location     Type
  3618 ;;                  4    0[COMRAM] unsigned long 
  3619 ;; Registers used:
  3620 ;;		wreg, status,2, status,0
  3621 ;; Tracked objects:
  3622 ;;		On entry : 0/0
  3623 ;;		On exit  : 0/0
  3624 ;;		Unchanged: 0/0
  3625 ;; Data sizes:     COMRAM   BANK0   BANK1   BANK2   BANK3   BANK4   BANK5   BANK6   BANK7
  3626 ;;      Params:         8       0       0       0       0       0       0       0       0
  3627 ;;      Locals:         5       0       0       0       0       0       0       0       0
  3628 ;;      Temps:          0       0       0       0       0       0       0       0       0
  3629 ;;      Totals:        13       0       0       0       0       0       0       0       0
  3630 ;;Total ram usage:       13 bytes
  3631 ;; Hardware stack levels used: 1
  3632 ;; This function calls:
  3633 ;;		Nothing
  3634 ;; This function is called by:
  3635 ;;		_DISPLAY_ShowFloatValue
  3636 ;; This function uses a non-reentrant model
  3637 ;;
  3638                           
  3639                           	psect	text16
  3640  00215E                     __ptext16:
  3641                           	callstack 0
  3642  00215E                     ___lldiv:
  3643                           	callstack 29
  3644  00215E  0E00               	movlw	0
  3645  002160  6E09               	movwf	___lldiv@quotient^0,c
  3646  002162  0E00               	movlw	0
  3647  002164  6E0A               	movwf	(___lldiv@quotient+1)^0,c
  3648  002166  0E00               	movlw	0
  3649  002168  6E0B               	movwf	(___lldiv@quotient+2)^0,c
  3650  00216A  0E00               	movlw	0
  3651  00216C  6E0C               	movwf	(___lldiv@quotient+3)^0,c
  3652  00216E  5005               	movf	___lldiv@divisor^0,w,c
  3653  002170  1006               	iorwf	(___lldiv@divisor+1)^0,w,c
  3654  002172  1007               	iorwf	(___lldiv@divisor+2)^0,w,c
  3655  002174  1008               	iorwf	(___lldiv@divisor+3)^0,w,c
  3656  002176  B4D8               	btfsc	status,2,c
  3657  002178  EFC0  F010         	goto	u2021
  3658  00217C  EFC2  F010         	goto	u2020
  3659  002180                     u2021:
  3660  002180  EFF8  F010         	goto	l395
  3661  002184                     u2020:
  3662  002184  0E01               	movlw	1
  3663  002186  6E0D               	movwf	___lldiv@counter^0,c
  3664  002188  EFCC  F010         	goto	l2229
  3665  00218C                     l2227:
  3666  00218C  90D8               	bcf	status,0,c
  3667  00218E  3605               	rlcf	___lldiv@divisor^0,f,c
  3668  002190  3606               	rlcf	(___lldiv@divisor+1)^0,f,c
  3669  002192  3607               	rlcf	(___lldiv@divisor+2)^0,f,c
  3670  002194  3608               	rlcf	(___lldiv@divisor+3)^0,f,c
  3671  002196  2A0D               	incf	___lldiv@counter^0,f,c
  3672  002198                     l2229:
  3673  002198  AE08               	btfss	(___lldiv@divisor+3)^0,7,c
  3674  00219A  EFD1  F010         	goto	u2031
  3675  00219E  EFD3  F010         	goto	u2030
  3676  0021A2                     u2031:
  3677  0021A2  EFC6  F010         	goto	l2227
  3678  0021A6                     u2030:
  3679  0021A6                     l2231:
  3680  0021A6  90D8               	bcf	status,0,c
  3681  0021A8  3609               	rlcf	___lldiv@quotient^0,f,c
  3682  0021AA  360A               	rlcf	(___lldiv@quotient+1)^0,f,c
  3683  0021AC  360B               	rlcf	(___lldiv@quotient+2)^0,f,c
  3684  0021AE  360C               	rlcf	(___lldiv@quotient+3)^0,f,c
  3685  0021B0  5005               	movf	___lldiv@divisor^0,w,c
  3686  0021B2  5C01               	subwf	___lldiv@dividend^0,w,c
  3687  0021B4  5006               	movf	(___lldiv@divisor+1)^0,w,c
  3688  0021B6  5802               	subwfb	(___lldiv@dividend+1)^0,w,c
  3689  0021B8  5007               	movf	(___lldiv@divisor+2)^0,w,c
  3690  0021BA  5803               	subwfb	(___lldiv@dividend+2)^0,w,c
  3691  0021BC  5008               	movf	(___lldiv@divisor+3)^0,w,c
  3692  0021BE  5804               	subwfb	(___lldiv@dividend+3)^0,w,c
  3693  0021C0  A0D8               	btfss	status,0,c
  3694  0021C2  EFE5  F010         	goto	u2041
  3695  0021C6  EFE7  F010         	goto	u2040
  3696  0021CA                     u2041:
  3697  0021CA  EFF0  F010         	goto	l2239
  3698  0021CE                     u2040:
  3699  0021CE  5005               	movf	___lldiv@divisor^0,w,c
  3700  0021D0  5E01               	subwf	___lldiv@dividend^0,f,c
  3701  0021D2  5006               	movf	(___lldiv@divisor+1)^0,w,c
  3702  0021D4  5A02               	subwfb	(___lldiv@dividend+1)^0,f,c
  3703  0021D6  5007               	movf	(___lldiv@divisor+2)^0,w,c
  3704  0021D8  5A03               	subwfb	(___lldiv@dividend+2)^0,f,c
  3705  0021DA  5008               	movf	(___lldiv@divisor+3)^0,w,c
  3706  0021DC  5A04               	subwfb	(___lldiv@dividend+3)^0,f,c
  3707  0021DE  8009               	bsf	___lldiv@quotient^0,0,c
  3708  0021E0                     l2239:
  3709  0021E0  90D8               	bcf	status,0,c
  3710  0021E2  3208               	rrcf	(___lldiv@divisor+3)^0,f,c
  3711  0021E4  3207               	rrcf	(___lldiv@divisor+2)^0,f,c
  3712  0021E6  3206               	rrcf	(___lldiv@divisor+1)^0,f,c
  3713  0021E8  3205               	rrcf	___lldiv@divisor^0,f,c
  3714  0021EA  2E0D               	decfsz	___lldiv@counter^0,f,c
  3715  0021EC  EFD3  F010         	goto	l2231
  3716  0021F0                     l395:
  3717  0021F0  C009  F001         	movff	___lldiv@quotient,?___lldiv
  3718  0021F4  C00A  F002         	movff	___lldiv@quotient+1,?___lldiv+1
  3719  0021F8  C00B  F003         	movff	___lldiv@quotient+2,?___lldiv+2
  3720  0021FC  C00C  F004         	movff	___lldiv@quotient+3,?___lldiv+3
  3721  002200  0012               	return		;funcret
  3722  002202                     __end_of___lldiv:
  3723                           	callstack 0
  3724                           
  3725 ;; *************** function ___fltol *****************
  3726 ;; Defined at:
  3727 ;;		line 43 in file "C:\Program Files\Microchip\xc8\v2.36\pic\sources\c99\common\fltol.c"
  3728 ;; Parameters:    Size  Location     Type
  3729 ;;  f1              4   55[COMRAM] unsigned long 
  3730 ;; Auto vars:     Size  Location     Type
  3731 ;;  exp1            1   64[COMRAM] unsigned char 
  3732 ;;  sign1           1   63[COMRAM] unsigned char 
  3733 ;; Return value:  Size  Location     Type
  3734 ;;                  4   55[COMRAM] long 
  3735 ;; Registers used:
  3736 ;;		wreg, status,2, status,0
  3737 ;; Tracked objects:
  3738 ;;		On entry : 0/0
  3739 ;;		On exit  : 0/0
  3740 ;;		Unchanged: 0/0
  3741 ;; Data sizes:     COMRAM   BANK0   BANK1   BANK2   BANK3   BANK4   BANK5   BANK6   BANK7
  3742 ;;      Params:         4       0       0       0       0       0       0       0       0
  3743 ;;      Locals:         2       0       0       0       0       0       0       0       0
  3744 ;;      Temps:          4       0       0       0       0       0       0       0       0
  3745 ;;      Totals:        10       0       0       0       0       0       0       0       0
  3746 ;;Total ram usage:       10 bytes
  3747 ;; Hardware stack levels used: 1
  3748 ;; This function calls:
  3749 ;;		Nothing
  3750 ;; This function is called by:
  3751 ;;		_DISPLAY_ShowFloatValue
  3752 ;; This function uses a non-reentrant model
  3753 ;;
  3754                           
  3755                           	psect	text17
  3756  001E8A                     __ptext17:
  3757                           	callstack 0
  3758  001E8A                     ___fltol:
  3759                           	callstack 29
  3760  001E8A  343A               	rlcf	(___fltol@f1+2)^0,w,c
  3761  001E8C  343B               	rlcf	(___fltol@f1+3)^0,w,c
  3762  001E8E  6E41               	movwf	___fltol@exp1^0,c
  3763  001E90  5041               	movf	___fltol@exp1^0,w,c
  3764  001E92  A4D8               	btfss	status,2,c
  3765  001E94  EF4E  F00F         	goto	u2681
  3766  001E98  EF50  F00F         	goto	u2680
  3767  001E9C                     u2681:
  3768  001E9C  EF5A  F00F         	goto	l2603
  3769  001EA0                     u2680:
  3770  001EA0                     l2599:
  3771  001EA0  0E00               	movlw	0
  3772  001EA2  6E38               	movwf	?___fltol^0,c
  3773  001EA4  0E00               	movlw	0
  3774  001EA6  6E39               	movwf	(?___fltol+1)^0,c
  3775  001EA8  0E00               	movlw	0
  3776  001EAA  6E3A               	movwf	(?___fltol+2)^0,c
  3777  001EAC  0E00               	movlw	0
  3778  001EAE  6E3B               	movwf	(?___fltol+3)^0,c
  3779  001EB0  EFC7  F00F         	goto	l665
  3780  001EB4                     l2603:
  3781  001EB4  C038  F03C         	movff	___fltol@f1,??___fltol
  3782  001EB8  C039  F03D         	movff	___fltol@f1+1,??___fltol+1
  3783  001EBC  C03A  F03E         	movff	___fltol@f1+2,??___fltol+2
  3784  001EC0  C03B  F03F         	movff	___fltol@f1+3,??___fltol+3
  3785  001EC4  0E20               	movlw	32
  3786  001EC6  EF6A  F00F         	goto	u2690
  3787  001ECA                     u2695:
  3788  001ECA  90D8               	bcf	status,0,c
  3789  001ECC  323F               	rrcf	(??___fltol+3)^0,f,c
  3790  001ECE  323E               	rrcf	(??___fltol+2)^0,f,c
  3791  001ED0  323D               	rrcf	(??___fltol+1)^0,f,c
  3792  001ED2  323C               	rrcf	??___fltol^0,f,c
  3793  001ED4                     u2690:
  3794  001ED4  2EE8               	decfsz	wreg,f,c
  3795  001ED6  EF65  F00F         	goto	u2695
  3796  001EDA  503C               	movf	??___fltol^0,w,c
  3797  001EDC  6E40               	movwf	___fltol@sign1^0,c
  3798  001EDE  8E3A               	bsf	(___fltol@f1+2)^0,7,c
  3799  001EE0  0EFF               	movlw	255
  3800  001EE2  1638               	andwf	___fltol@f1^0,f,c
  3801  001EE4  0EFF               	movlw	255
  3802  001EE6  1639               	andwf	(___fltol@f1+1)^0,f,c
  3803  001EE8  0EFF               	movlw	255
  3804  001EEA  163A               	andwf	(___fltol@f1+2)^0,f,c
  3805  001EEC  0E00               	movlw	0
  3806  001EEE  163B               	andwf	(___fltol@f1+3)^0,f,c
  3807  001EF0  0E96               	movlw	150
  3808  001EF2  5E41               	subwf	___fltol@exp1^0,f,c
  3809  001EF4  BE41               	btfsc	___fltol@exp1^0,7,c
  3810  001EF6  EF81  F00F         	goto	u2700
  3811  001EFA  EF7F  F00F         	goto	u2701
  3812  001EFE                     u2701:
  3813  001EFE  EF97  F00F         	goto	l2623
  3814  001F02                     u2700:
  3815  001F02  5041               	movf	___fltol@exp1^0,w,c
  3816  001F04  0A80               	xorlw	128
  3817  001F06  0F97               	addlw	151
  3818  001F08  B0D8               	btfsc	status,0,c
  3819  001F0A  EF89  F00F         	goto	u2711
  3820  001F0E  EF8B  F00F         	goto	u2710
  3821  001F12                     u2711:
  3822  001F12  EF8D  F00F         	goto	l2619
  3823  001F16                     u2710:
  3824  001F16  EF50  F00F         	goto	l2599
  3825  001F1A                     l2619:
  3826  001F1A  90D8               	bcf	status,0,c
  3827  001F1C  323B               	rrcf	(___fltol@f1+3)^0,f,c
  3828  001F1E  323A               	rrcf	(___fltol@f1+2)^0,f,c
  3829  001F20  3239               	rrcf	(___fltol@f1+1)^0,f,c
  3830  001F22  3238               	rrcf	___fltol@f1^0,f,c
  3831  001F24  3E41               	incfsz	___fltol@exp1^0,f,c
  3832  001F26  EF8D  F00F         	goto	l2619
  3833  001F2A  EFAF  F00F         	goto	l2633
  3834  001F2E                     l2623:
  3835  001F2E  0E1F               	movlw	31
  3836  001F30  6441               	cpfsgt	___fltol@exp1^0,c
  3837  001F32  EF9D  F00F         	goto	u2721
  3838  001F36  EF9F  F00F         	goto	u2720
  3839  001F3A                     u2721:
  3840  001F3A  EFA7  F00F         	goto	l2631
  3841  001F3E                     u2720:
  3842  001F3E  EF50  F00F         	goto	l2599
  3843  001F42                     l2629:
  3844  001F42  90D8               	bcf	status,0,c
  3845  001F44  3638               	rlcf	___fltol@f1^0,f,c
  3846  001F46  3639               	rlcf	(___fltol@f1+1)^0,f,c
  3847  001F48  363A               	rlcf	(___fltol@f1+2)^0,f,c
  3848  001F4A  363B               	rlcf	(___fltol@f1+3)^0,f,c
  3849  001F4C  0641               	decf	___fltol@exp1^0,f,c
  3850  001F4E                     l2631:
  3851  001F4E  5041               	movf	___fltol@exp1^0,w,c
  3852  001F50  A4D8               	btfss	status,2,c
  3853  001F52  EFAD  F00F         	goto	u2731
  3854  001F56  EFAF  F00F         	goto	u2730
  3855  001F5A                     u2731:
  3856  001F5A  EFA1  F00F         	goto	l2629
  3857  001F5E                     u2730:
  3858  001F5E                     l2633:
  3859  001F5E  5040               	movf	___fltol@sign1^0,w,c
  3860  001F60  B4D8               	btfsc	status,2,c
  3861  001F62  EFB5  F00F         	goto	u2741
  3862  001F66  EFB7  F00F         	goto	u2740
  3863  001F6A                     u2741:
  3864  001F6A  EFBF  F00F         	goto	l2637
  3865  001F6E                     u2740:
  3866  001F6E  1E3B               	comf	(___fltol@f1+3)^0,f,c
  3867  001F70  1E3A               	comf	(___fltol@f1+2)^0,f,c
  3868  001F72  1E39               	comf	(___fltol@f1+1)^0,f,c
  3869  001F74  6C38               	negf	___fltol@f1^0,c
  3870  001F76  0E00               	movlw	0
  3871  001F78  2239               	addwfc	(___fltol@f1+1)^0,f,c
  3872  001F7A  223A               	addwfc	(___fltol@f1+2)^0,f,c
  3873  001F7C  223B               	addwfc	(___fltol@f1+3)^0,f,c
  3874  001F7E                     l2637:
  3875  001F7E  C038  F038         	movff	___fltol@f1,?___fltol
  3876  001F82  C039  F039         	movff	___fltol@f1+1,?___fltol+1
  3877  001F86  C03A  F03A         	movff	___fltol@f1+2,?___fltol+2
  3878  001F8A  C03B  F03B         	movff	___fltol@f1+3,?___fltol+3
  3879  001F8E                     l665:
  3880  001F8E  0012               	return		;funcret
  3881  001F90                     __end_of___fltol:
  3882                           	callstack 0
  3883                           
  3884 ;; *************** function ___flmul *****************
  3885 ;; Defined at:
  3886 ;;		line 8 in file "C:\Program Files\Microchip\xc8\v2.36\pic\sources\c99\common\sprcmul.c"
  3887 ;; Parameters:    Size  Location     Type
  3888 ;;  b               4   14[COMRAM] long 
  3889 ;;  a               4   18[COMRAM] long 
  3890 ;; Auto vars:     Size  Location     Type
  3891 ;;  prod            4   33[COMRAM] struct .
  3892 ;;  grs             4   27[COMRAM] unsigned long 
  3893 ;;  temp            2   37[COMRAM] struct .
  3894 ;;  bexp            1   32[COMRAM] unsigned char 
  3895 ;;  aexp            1   31[COMRAM] unsigned char 
  3896 ;;  sign            1   26[COMRAM] unsigned char 
  3897 ;; Return value:  Size  Location     Type
  3898 ;;                  4   14[COMRAM] unsigned char 
  3899 ;; Registers used:
  3900 ;;		wreg, status,2, status,0, prodl, prodh
  3901 ;; Tracked objects:
  3902 ;;		On entry : 0/0
  3903 ;;		On exit  : 0/0
  3904 ;;		Unchanged: 0/0
  3905 ;; Data sizes:     COMRAM   BANK0   BANK1   BANK2   BANK3   BANK4   BANK5   BANK6   BANK7
  3906 ;;      Params:         8       0       0       0       0       0       0       0       0
  3907 ;;      Locals:        13       0       0       0       0       0       0       0       0
  3908 ;;      Temps:          4       0       0       0       0       0       0       0       0
  3909 ;;      Totals:        25       0       0       0       0       0       0       0       0
  3910 ;;Total ram usage:       25 bytes
  3911 ;; Hardware stack levels used: 1
  3912 ;; This function calls:
  3913 ;;		Nothing
  3914 ;; This function is called by:
  3915 ;;		_main
  3916 ;;		_DISPLAY_ShowFloatValue
  3917 ;; This function uses a non-reentrant model
  3918 ;;
  3919                           
  3920                           	psect	text18
  3921  001226                     __ptext18:
  3922                           	callstack 0
  3923  001226                     ___flmul:
  3924                           	callstack 30
  3925  001226  5012               	movf	(___flmul@b+3)^0,w,c
  3926  001228  0B80               	andlw	128
  3927  00122A  6E1B               	movwf	___flmul@sign^0,c
  3928  00122C  5012               	movf	(___flmul@b+3)^0,w,c
  3929  00122E  2412               	addwf	(___flmul@b+3)^0,w,c
  3930  001230  6E21               	movwf	___flmul@bexp^0,c
  3931  001232  AE11               	btfss	(___flmul@b+2)^0,7,c
  3932  001234  EF1E  F009         	goto	u2441
  3933  001238  EF20  F009         	goto	u2440
  3934  00123C                     u2441:
  3935  00123C  EF21  F009         	goto	l2451
  3936  001240                     u2440:
  3937  001240  8021               	bsf	___flmul@bexp^0,0,c
  3938  001242                     l2451:
  3939  001242  5021               	movf	___flmul@bexp^0,w,c
  3940  001244  B4D8               	btfsc	status,2,c
  3941  001246  EF27  F009         	goto	u2451
  3942  00124A  EF29  F009         	goto	u2450
  3943  00124E                     u2451:
  3944  00124E  EF3C  F009         	goto	l2459
  3945  001252                     u2450:
  3946  001252  2821               	incf	___flmul@bexp^0,w,c
  3947  001254  A4D8               	btfss	status,2,c
  3948  001256  EF2F  F009         	goto	u2461
  3949  00125A  EF31  F009         	goto	u2460
  3950  00125E                     u2461:
  3951  00125E  EF39  F009         	goto	l2457
  3952  001262                     u2460:
  3953  001262  0E00               	movlw	0
  3954  001264  6E0F               	movwf	___flmul@b^0,c
  3955  001266  0E00               	movlw	0
  3956  001268  6E10               	movwf	(___flmul@b+1)^0,c
  3957  00126A  0E00               	movlw	0
  3958  00126C  6E11               	movwf	(___flmul@b+2)^0,c
  3959  00126E  0E00               	movlw	0
  3960  001270  6E12               	movwf	(___flmul@b+3)^0,c
  3961  001272                     l2457:
  3962  001272  8E11               	bsf	(___flmul@b+2)^0,7,c
  3963  001274  EF44  F009         	goto	l2461
  3964  001278                     l2459:
  3965  001278  0E00               	movlw	0
  3966  00127A  6E0F               	movwf	___flmul@b^0,c
  3967  00127C  0E00               	movlw	0
  3968  00127E  6E10               	movwf	(___flmul@b+1)^0,c
  3969  001280  0E00               	movlw	0
  3970  001282  6E11               	movwf	(___flmul@b+2)^0,c
  3971  001284  0E00               	movlw	0
  3972  001286  6E12               	movwf	(___flmul@b+3)^0,c
  3973  001288                     l2461:
  3974  001288  5016               	movf	(___flmul@a+3)^0,w,c
  3975  00128A  0B80               	andlw	128
  3976  00128C  1A1B               	xorwf	___flmul@sign^0,f,c
  3977  00128E  5016               	movf	(___flmul@a+3)^0,w,c
  3978  001290  2416               	addwf	(___flmul@a+3)^0,w,c
  3979  001292  6E20               	movwf	___flmul@aexp^0,c
  3980  001294  AE15               	btfss	(___flmul@a+2)^0,7,c
  3981  001296  EF4F  F009         	goto	u2471
  3982  00129A  EF51  F009         	goto	u2470
  3983  00129E                     u2471:
  3984  00129E  EF52  F009         	goto	l2469
  3985  0012A2                     u2470:
  3986  0012A2  8020               	bsf	___flmul@aexp^0,0,c
  3987  0012A4                     l2469:
  3988  0012A4  5020               	movf	___flmul@aexp^0,w,c
  3989  0012A6  B4D8               	btfsc	status,2,c
  3990  0012A8  EF58  F009         	goto	u2481
  3991  0012AC  EF5A  F009         	goto	u2480
  3992  0012B0                     u2481:
  3993  0012B0  EF6D  F009         	goto	l2477
  3994  0012B4                     u2480:
  3995  0012B4  2820               	incf	___flmul@aexp^0,w,c
  3996  0012B6  A4D8               	btfss	status,2,c
  3997  0012B8  EF60  F009         	goto	u2491
  3998  0012BC  EF62  F009         	goto	u2490
  3999  0012C0                     u2491:
  4000  0012C0  EF6A  F009         	goto	l2475
  4001  0012C4                     u2490:
  4002  0012C4  0E00               	movlw	0
  4003  0012C6  6E13               	movwf	___flmul@a^0,c
  4004  0012C8  0E00               	movlw	0
  4005  0012CA  6E14               	movwf	(___flmul@a+1)^0,c
  4006  0012CC  0E00               	movlw	0
  4007  0012CE  6E15               	movwf	(___flmul@a+2)^0,c
  4008  0012D0  0E00               	movlw	0
  4009  0012D2  6E16               	movwf	(___flmul@a+3)^0,c
  4010  0012D4                     l2475:
  4011  0012D4  8E15               	bsf	(___flmul@a+2)^0,7,c
  4012  0012D6  EF75  F009         	goto	l982
  4013  0012DA                     l2477:
  4014  0012DA  0E00               	movlw	0
  4015  0012DC  6E13               	movwf	___flmul@a^0,c
  4016  0012DE  0E00               	movlw	0
  4017  0012E0  6E14               	movwf	(___flmul@a+1)^0,c
  4018  0012E2  0E00               	movlw	0
  4019  0012E4  6E15               	movwf	(___flmul@a+2)^0,c
  4020  0012E6  0E00               	movlw	0
  4021  0012E8  6E16               	movwf	(___flmul@a+3)^0,c
  4022  0012EA                     l982:
  4023  0012EA  5020               	movf	___flmul@aexp^0,w,c
  4024  0012EC  B4D8               	btfsc	status,2,c
  4025  0012EE  EF7B  F009         	goto	u2501
  4026  0012F2  EF7D  F009         	goto	u2500
  4027  0012F6                     u2501:
  4028  0012F6  EF85  F009         	goto	l2481
  4029  0012FA                     u2500:
  4030  0012FA  5021               	movf	___flmul@bexp^0,w,c
  4031  0012FC  A4D8               	btfss	status,2,c
  4032  0012FE  EF83  F009         	goto	u2511
  4033  001302  EF85  F009         	goto	u2510
  4034  001306                     u2511:
  4035  001306  EF8F  F009         	goto	l2485
  4036  00130A                     u2510:
  4037  00130A                     l2481:
  4038  00130A  0E00               	movlw	0
  4039  00130C  6E0F               	movwf	?___flmul^0,c
  4040  00130E  0E00               	movlw	0
  4041  001310  6E10               	movwf	(?___flmul+1)^0,c
  4042  001312  0E00               	movlw	0
  4043  001314  6E11               	movwf	(?___flmul+2)^0,c
  4044  001316  0E00               	movlw	0
  4045  001318  6E12               	movwf	(?___flmul+3)^0,c
  4046  00131A  EF39  F00B         	goto	l986
  4047  00131E                     l2485:
  4048  00131E  5015               	movf	(___flmul@a+2)^0,w,c
  4049  001320  020F               	mulwf	___flmul@b^0,c
  4050  001322  006F FFCC  F026    	movff	prodl,___flmul@temp
  4051  001328  006F FFD0  F027    	movff	prodh,___flmul@temp+1
  4052  00132E  5026               	movf	___flmul@temp^0,w,c
  4053  001330  6E1C               	movwf	___flmul@grs^0,c
  4054  001332  6A1D               	clrf	(___flmul@grs+1)^0,c
  4055  001334  6A1E               	clrf	(___flmul@grs+2)^0,c
  4056  001336  6A1F               	clrf	(___flmul@grs+3)^0,c
  4057  001338  5027               	movf	(___flmul@temp+1)^0,w,c
  4058  00133A  6E22               	movwf	___flmul@prod^0,c
  4059  00133C  6A23               	clrf	(___flmul@prod+1)^0,c
  4060  00133E  6A24               	clrf	(___flmul@prod+2)^0,c
  4061  001340  6A25               	clrf	(___flmul@prod+3)^0,c
  4062  001342  5014               	movf	(___flmul@a+1)^0,w,c
  4063  001344  0210               	mulwf	(___flmul@b+1)^0,c
  4064  001346  006F FFCC  F026    	movff	prodl,___flmul@temp
  4065  00134C  006F FFD0  F027    	movff	prodh,___flmul@temp+1
  4066  001352  5026               	movf	___flmul@temp^0,w,c
  4067  001354  261C               	addwf	___flmul@grs^0,f,c
  4068  001356  0E00               	movlw	0
  4069  001358  221D               	addwfc	(___flmul@grs+1)^0,f,c
  4070  00135A  221E               	addwfc	(___flmul@grs+2)^0,f,c
  4071  00135C  221F               	addwfc	(___flmul@grs+3)^0,f,c
  4072  00135E  5027               	movf	(___flmul@temp+1)^0,w,c
  4073  001360  2622               	addwf	___flmul@prod^0,f,c
  4074  001362  0E00               	movlw	0
  4075  001364  2223               	addwfc	(___flmul@prod+1)^0,f,c
  4076  001366  2224               	addwfc	(___flmul@prod+2)^0,f,c
  4077  001368  2225               	addwfc	(___flmul@prod+3)^0,f,c
  4078  00136A  5013               	movf	___flmul@a^0,w,c
  4079  00136C  0211               	mulwf	(___flmul@b+2)^0,c
  4080  00136E  006F FFCC  F026    	movff	prodl,___flmul@temp
  4081  001374  006F FFD0  F027    	movff	prodh,___flmul@temp+1
  4082  00137A  5026               	movf	___flmul@temp^0,w,c
  4083  00137C  261C               	addwf	___flmul@grs^0,f,c
  4084  00137E  0E00               	movlw	0
  4085  001380  221D               	addwfc	(___flmul@grs+1)^0,f,c
  4086  001382  221E               	addwfc	(___flmul@grs+2)^0,f,c
  4087  001384  221F               	addwfc	(___flmul@grs+3)^0,f,c
  4088  001386  5027               	movf	(___flmul@temp+1)^0,w,c
  4089  001388  2622               	addwf	___flmul@prod^0,f,c
  4090  00138A  0E00               	movlw	0
  4091  00138C  2223               	addwfc	(___flmul@prod+1)^0,f,c
  4092  00138E  2224               	addwfc	(___flmul@prod+2)^0,f,c
  4093  001390  2225               	addwfc	(___flmul@prod+3)^0,f,c
  4094  001392  C01E  F01F         	movff	___flmul@grs+2,___flmul@grs+3
  4095  001396  C01D  F01E         	movff	___flmul@grs+1,___flmul@grs+2
  4096  00139A  C01C  F01D         	movff	___flmul@grs,___flmul@grs+1
  4097  00139E  6A1C               	clrf	___flmul@grs^0,c
  4098  0013A0  5013               	movf	___flmul@a^0,w,c
  4099  0013A2  0210               	mulwf	(___flmul@b+1)^0,c
  4100  0013A4  006F FFCC  F026    	movff	prodl,___flmul@temp
  4101  0013AA  006F FFD0  F027    	movff	prodh,___flmul@temp+1
  4102  0013B0  5026               	movf	___flmul@temp^0,w,c
  4103  0013B2  261C               	addwf	___flmul@grs^0,f,c
  4104  0013B4  5027               	movf	(___flmul@temp+1)^0,w,c
  4105  0013B6  221D               	addwfc	(___flmul@grs+1)^0,f,c
  4106  0013B8  0E00               	movlw	0
  4107  0013BA  221E               	addwfc	(___flmul@grs+2)^0,f,c
  4108  0013BC  0E00               	movlw	0
  4109  0013BE  221F               	addwfc	(___flmul@grs+3)^0,f,c
  4110  0013C0  5014               	movf	(___flmul@a+1)^0,w,c
  4111  0013C2  020F               	mulwf	___flmul@b^0,c
  4112  0013C4  006F FFCC  F026    	movff	prodl,___flmul@temp
  4113  0013CA  006F FFD0  F027    	movff	prodh,___flmul@temp+1
  4114  0013D0  5026               	movf	___flmul@temp^0,w,c
  4115  0013D2  261C               	addwf	___flmul@grs^0,f,c
  4116  0013D4  5027               	movf	(___flmul@temp+1)^0,w,c
  4117  0013D6  221D               	addwfc	(___flmul@grs+1)^0,f,c
  4118  0013D8  0E00               	movlw	0
  4119  0013DA  221E               	addwfc	(___flmul@grs+2)^0,f,c
  4120  0013DC  0E00               	movlw	0
  4121  0013DE  221F               	addwfc	(___flmul@grs+3)^0,f,c
  4122  0013E0  C01E  F01F         	movff	___flmul@grs+2,___flmul@grs+3
  4123  0013E4  C01D  F01E         	movff	___flmul@grs+1,___flmul@grs+2
  4124  0013E8  C01C  F01D         	movff	___flmul@grs,___flmul@grs+1
  4125  0013EC  6A1C               	clrf	___flmul@grs^0,c
  4126  0013EE  5013               	movf	___flmul@a^0,w,c
  4127  0013F0  020F               	mulwf	___flmul@b^0,c
  4128  0013F2  006F FFCC  F026    	movff	prodl,___flmul@temp
  4129  0013F8  006F FFD0  F027    	movff	prodh,___flmul@temp+1
  4130  0013FE  5026               	movf	___flmul@temp^0,w,c
  4131  001400  261C               	addwf	___flmul@grs^0,f,c
  4132  001402  5027               	movf	(___flmul@temp+1)^0,w,c
  4133  001404  221D               	addwfc	(___flmul@grs+1)^0,f,c
  4134  001406  0E00               	movlw	0
  4135  001408  221E               	addwfc	(___flmul@grs+2)^0,f,c
  4136  00140A  0E00               	movlw	0
  4137  00140C  221F               	addwfc	(___flmul@grs+3)^0,f,c
  4138  00140E  5015               	movf	(___flmul@a+2)^0,w,c
  4139  001410  0210               	mulwf	(___flmul@b+1)^0,c
  4140  001412  006F FFCC  F026    	movff	prodl,___flmul@temp
  4141  001418  006F FFD0  F027    	movff	prodh,___flmul@temp+1
  4142  00141E  5026               	movf	___flmul@temp^0,w,c
  4143  001420  2622               	addwf	___flmul@prod^0,f,c
  4144  001422  5027               	movf	(___flmul@temp+1)^0,w,c
  4145  001424  2223               	addwfc	(___flmul@prod+1)^0,f,c
  4146  001426  0E00               	movlw	0
  4147  001428  2224               	addwfc	(___flmul@prod+2)^0,f,c
  4148  00142A  0E00               	movlw	0
  4149  00142C  2225               	addwfc	(___flmul@prod+3)^0,f,c
  4150  00142E  5014               	movf	(___flmul@a+1)^0,w,c
  4151  001430  0211               	mulwf	(___flmul@b+2)^0,c
  4152  001432  006F FFCC  F026    	movff	prodl,___flmul@temp
  4153  001438  006F FFD0  F027    	movff	prodh,___flmul@temp+1
  4154  00143E  5026               	movf	___flmul@temp^0,w,c
  4155  001440  2622               	addwf	___flmul@prod^0,f,c
  4156  001442  5027               	movf	(___flmul@temp+1)^0,w,c
  4157  001444  2223               	addwfc	(___flmul@prod+1)^0,f,c
  4158  001446  0E00               	movlw	0
  4159  001448  2224               	addwfc	(___flmul@prod+2)^0,f,c
  4160  00144A  0E00               	movlw	0
  4161  00144C  2225               	addwfc	(___flmul@prod+3)^0,f,c
  4162  00144E  5015               	movf	(___flmul@a+2)^0,w,c
  4163  001450  0211               	mulwf	(___flmul@b+2)^0,c
  4164  001452  006F FFCC  F026    	movff	prodl,___flmul@temp
  4165  001458  006F FFD0  F027    	movff	prodh,___flmul@temp+1
  4166  00145E  5026               	movf	___flmul@temp^0,w,c
  4167  001460  6E17               	movwf	??___flmul^0,c
  4168  001462  5027               	movf	(___flmul@temp+1)^0,w,c
  4169  001464  6E18               	movwf	(??___flmul+1)^0,c
  4170  001466  6A19               	clrf	(??___flmul+2)^0,c
  4171  001468  6A1A               	clrf	(??___flmul+3)^0,c
  4172  00146A  C019  F01A         	movff	??___flmul+2,??___flmul+3
  4173  00146E  C018  F019         	movff	??___flmul+1,??___flmul+2
  4174  001472  C017  F018         	movff	??___flmul,??___flmul+1
  4175  001476  6A17               	clrf	??___flmul^0,c
  4176  001478  5017               	movf	??___flmul^0,w,c
  4177  00147A  2622               	addwf	___flmul@prod^0,f,c
  4178  00147C  5018               	movf	(??___flmul+1)^0,w,c
  4179  00147E  2223               	addwfc	(___flmul@prod+1)^0,f,c
  4180  001480  5019               	movf	(??___flmul+2)^0,w,c
  4181  001482  2224               	addwfc	(___flmul@prod+2)^0,f,c
  4182  001484  501A               	movf	(??___flmul+3)^0,w,c
  4183  001486  2225               	addwfc	(___flmul@prod+3)^0,f,c
  4184  001488  C01C  F017         	movff	___flmul@grs,??___flmul
  4185  00148C  C01D  F018         	movff	___flmul@grs+1,??___flmul+1
  4186  001490  C01E  F019         	movff	___flmul@grs+2,??___flmul+2
  4187  001494  C01F  F01A         	movff	___flmul@grs+3,??___flmul+3
  4188  001498  0E19               	movlw	25
  4189  00149A  EF54  F00A         	goto	u2520
  4190  00149E                     u2525:
  4191  00149E  90D8               	bcf	status,0,c
  4192  0014A0  321A               	rrcf	(??___flmul+3)^0,f,c
  4193  0014A2  3219               	rrcf	(??___flmul+2)^0,f,c
  4194  0014A4  3218               	rrcf	(??___flmul+1)^0,f,c
  4195  0014A6  3217               	rrcf	??___flmul^0,f,c
  4196  0014A8                     u2520:
  4197  0014A8  2EE8               	decfsz	wreg,f,c
  4198  0014AA  EF4F  F00A         	goto	u2525
  4199  0014AE  5017               	movf	??___flmul^0,w,c
  4200  0014B0  2622               	addwf	___flmul@prod^0,f,c
  4201  0014B2  5018               	movf	(??___flmul+1)^0,w,c
  4202  0014B4  2223               	addwfc	(___flmul@prod+1)^0,f,c
  4203  0014B6  5019               	movf	(??___flmul+2)^0,w,c
  4204  0014B8  2224               	addwfc	(___flmul@prod+2)^0,f,c
  4205  0014BA  501A               	movf	(??___flmul+3)^0,w,c
  4206  0014BC  2225               	addwfc	(___flmul@prod+3)^0,f,c
  4207  0014BE  C01E  F01F         	movff	___flmul@grs+2,___flmul@grs+3
  4208  0014C2  C01D  F01E         	movff	___flmul@grs+1,___flmul@grs+2
  4209  0014C6  C01C  F01D         	movff	___flmul@grs,___flmul@grs+1
  4210  0014CA  6A1C               	clrf	___flmul@grs^0,c
  4211  0014CC  5020               	movf	___flmul@aexp^0,w,c
  4212  0014CE  C021  F017         	movff	___flmul@bexp,??___flmul
  4213  0014D2  6A18               	clrf	(??___flmul+1)^0,c
  4214  0014D4  2617               	addwf	??___flmul^0,f,c
  4215  0014D6  0E00               	movlw	0
  4216  0014D8  2218               	addwfc	(??___flmul+1)^0,f,c
  4217  0014DA  0E82               	movlw	130
  4218  0014DC  2417               	addwf	??___flmul^0,w,c
  4219  0014DE  6E26               	movwf	___flmul@temp^0,c
  4220  0014E0  0EFF               	movlw	255
  4221  0014E2  2018               	addwfc	(??___flmul+1)^0,w,c
  4222  0014E4  6E27               	movwf	(___flmul@temp+1)^0,c
  4223  0014E6  EF8A  F00A         	goto	l2533
  4224  0014EA                     l2527:
  4225  0014EA  90D8               	bcf	status,0,c
  4226  0014EC  3622               	rlcf	___flmul@prod^0,f,c
  4227  0014EE  3623               	rlcf	(___flmul@prod+1)^0,f,c
  4228  0014F0  3624               	rlcf	(___flmul@prod+2)^0,f,c
  4229  0014F2  3625               	rlcf	(___flmul@prod+3)^0,f,c
  4230  0014F4  AE1F               	btfss	(___flmul@grs+3)^0,7,c
  4231  0014F6  EF7F  F00A         	goto	u2531
  4232  0014FA  EF81  F00A         	goto	u2530
  4233  0014FE                     u2531:
  4234  0014FE  EF82  F00A         	goto	l989
  4235  001502                     u2530:
  4236  001502  8022               	bsf	___flmul@prod^0,0,c
  4237  001504                     l989:
  4238  001504  90D8               	bcf	status,0,c
  4239  001506  361C               	rlcf	___flmul@grs^0,f,c
  4240  001508  361D               	rlcf	(___flmul@grs+1)^0,f,c
  4241  00150A  361E               	rlcf	(___flmul@grs+2)^0,f,c
  4242  00150C  361F               	rlcf	(___flmul@grs+3)^0,f,c
  4243  00150E  0626               	decf	___flmul@temp^0,f,c
  4244  001510  A0D8               	btfss	status,0,c
  4245  001512  0627               	decf	(___flmul@temp+1)^0,f,c
  4246  001514                     l2533:
  4247  001514  AE24               	btfss	(___flmul@prod+2)^0,7,c
  4248  001516  EF8F  F00A         	goto	u2541
  4249  00151A  EF91  F00A         	goto	u2540
  4250  00151E                     u2541:
  4251  00151E  EF75  F00A         	goto	l2527
  4252  001522                     u2540:
  4253  001522  0E00               	movlw	0
  4254  001524  6E20               	movwf	___flmul@aexp^0,c
  4255  001526  AE1F               	btfss	(___flmul@grs+3)^0,7,c
  4256  001528  EF98  F00A         	goto	u2551
  4257  00152C  EF9A  F00A         	goto	u2550
  4258  001530                     u2551:
  4259  001530  EFBE  F00A         	goto	l991
  4260  001534                     u2550:
  4261  001534  0EFF               	movlw	255
  4262  001536  141C               	andwf	___flmul@grs^0,w,c
  4263  001538  6E17               	movwf	??___flmul^0,c
  4264  00153A  0EFF               	movlw	255
  4265  00153C  141D               	andwf	(___flmul@grs+1)^0,w,c
  4266  00153E  6E18               	movwf	(??___flmul+1)^0,c
  4267  001540  0EFF               	movlw	255
  4268  001542  141E               	andwf	(___flmul@grs+2)^0,w,c
  4269  001544  6E19               	movwf	(??___flmul+2)^0,c
  4270  001546  0E7F               	movlw	127
  4271  001548  141F               	andwf	(___flmul@grs+3)^0,w,c
  4272  00154A  6E1A               	movwf	(??___flmul+3)^0,c
  4273  00154C  5017               	movf	??___flmul^0,w,c
  4274  00154E  1018               	iorwf	(??___flmul+1)^0,w,c
  4275  001550  1019               	iorwf	(??___flmul+2)^0,w,c
  4276  001552  101A               	iorwf	(??___flmul+3)^0,w,c
  4277  001554  B4D8               	btfsc	status,2,c
  4278  001556  EFAF  F00A         	goto	u2561
  4279  00155A  EFB1  F00A         	goto	u2560
  4280  00155E                     u2561:
  4281  00155E  EFB5  F00A         	goto	l992
  4282  001562                     u2560:
  4283  001562                     l2541:
  4284  001562  0E01               	movlw	1
  4285  001564  6E20               	movwf	___flmul@aexp^0,c
  4286  001566  EFBE  F00A         	goto	l991
  4287  00156A                     l992:
  4288  00156A  A022               	btfss	___flmul@prod^0,0,c
  4289  00156C  EFBA  F00A         	goto	u2571
  4290  001570  EFBC  F00A         	goto	u2570
  4291  001574                     u2571:
  4292  001574  EFBE  F00A         	goto	l991
  4293  001578                     u2570:
  4294  001578  EFB1  F00A         	goto	l2541
  4295  00157C                     l991:
  4296  00157C  5020               	movf	___flmul@aexp^0,w,c
  4297  00157E  B4D8               	btfsc	status,2,c
  4298  001580  EFC4  F00A         	goto	u2581
  4299  001584  EFC6  F00A         	goto	u2580
  4300  001588                     u2581:
  4301  001588  EFEA  F00A         	goto	l2553
  4302  00158C                     u2580:
  4303  00158C  0E01               	movlw	1
  4304  00158E  2622               	addwf	___flmul@prod^0,f,c
  4305  001590  0E00               	movlw	0
  4306  001592  2223               	addwfc	(___flmul@prod+1)^0,f,c
  4307  001594  2224               	addwfc	(___flmul@prod+2)^0,f,c
  4308  001596  2225               	addwfc	(___flmul@prod+3)^0,f,c
  4309  001598  A025               	btfss	(___flmul@prod+3)^0,0,c
  4310  00159A  EFD1  F00A         	goto	u2591
  4311  00159E  EFD3  F00A         	goto	u2590
  4312  0015A2                     u2591:
  4313  0015A2  EFEA  F00A         	goto	l2553
  4314  0015A6                     u2590:
  4315  0015A6  C022  F017         	movff	___flmul@prod,??___flmul
  4316  0015AA  C023  F018         	movff	___flmul@prod+1,??___flmul+1
  4317  0015AE  C024  F019         	movff	___flmul@prod+2,??___flmul+2
  4318  0015B2  C025  F01A         	movff	___flmul@prod+3,??___flmul+3
  4319  0015B6  341A               	rlcf	(??___flmul+3)^0,w,c
  4320  0015B8  321A               	rrcf	(??___flmul+3)^0,f,c
  4321  0015BA  3219               	rrcf	(??___flmul+2)^0,f,c
  4322  0015BC  3218               	rrcf	(??___flmul+1)^0,f,c
  4323  0015BE  3217               	rrcf	??___flmul^0,f,c
  4324  0015C0  C017  F022         	movff	??___flmul,___flmul@prod
  4325  0015C4  C018  F023         	movff	??___flmul+1,___flmul@prod+1
  4326  0015C8  C019  F024         	movff	??___flmul+2,___flmul@prod+2
  4327  0015CC  C01A  F025         	movff	??___flmul+3,___flmul@prod+3
  4328  0015D0  4A26               	infsnz	___flmul@temp^0,f,c
  4329  0015D2  2A27               	incf	(___flmul@temp+1)^0,f,c
  4330  0015D4                     l2553:
  4331  0015D4  BE27               	btfsc	(___flmul@temp+1)^0,7,c
  4332  0015D6  EFF5  F00A         	goto	u2601
  4333  0015DA  5027               	movf	(___flmul@temp+1)^0,w,c
  4334  0015DC  E108               	bnz	u2600
  4335  0015DE  2826               	incf	___flmul@temp^0,w,c
  4336  0015E0  A0D8               	btfss	status,0,c
  4337  0015E2  EFF5  F00A         	goto	u2601
  4338  0015E6  EFF7  F00A         	goto	u2600
  4339  0015EA                     u2601:
  4340  0015EA  EF01  F00B         	goto	l2557
  4341  0015EE                     u2600:
  4342  0015EE  0E00               	movlw	0
  4343  0015F0  6E22               	movwf	___flmul@prod^0,c
  4344  0015F2  0E00               	movlw	0
  4345  0015F4  6E23               	movwf	(___flmul@prod+1)^0,c
  4346  0015F6  0E80               	movlw	128
  4347  0015F8  6E24               	movwf	(___flmul@prod+2)^0,c
  4348  0015FA  0E7F               	movlw	127
  4349  0015FC  6E25               	movwf	(___flmul@prod+3)^0,c
  4350  0015FE  EF2F  F00B         	goto	l2569
  4351  001602                     l2557:
  4352  001602  BE27               	btfsc	(___flmul@temp+1)^0,7,c
  4353  001604  EF0E  F00B         	goto	u2610
  4354  001608  5027               	movf	(___flmul@temp+1)^0,w,c
  4355  00160A  E106               	bnz	u2611
  4356  00160C  0426               	decf	___flmul@temp^0,w,c
  4357  00160E  B0D8               	btfsc	status,0,c
  4358  001610  EF0C  F00B         	goto	u2611
  4359  001614  EF0E  F00B         	goto	u2610
  4360  001618                     u2611:
  4361  001618  EF1A  F00B         	goto	l999
  4362  00161C                     u2610:
  4363  00161C  0E00               	movlw	0
  4364  00161E  6E22               	movwf	___flmul@prod^0,c
  4365  001620  0E00               	movlw	0
  4366  001622  6E23               	movwf	(___flmul@prod+1)^0,c
  4367  001624  0E00               	movlw	0
  4368  001626  6E24               	movwf	(___flmul@prod+2)^0,c
  4369  001628  0E00               	movlw	0
  4370  00162A  6E25               	movwf	(___flmul@prod+3)^0,c
  4371  00162C  0E00               	movlw	0
  4372  00162E  6E1B               	movwf	___flmul@sign^0,c
  4373  001630  EF2F  F00B         	goto	l2569
  4374  001634                     l999:
  4375  001634  C026  F021         	movff	___flmul@temp,___flmul@bexp
  4376  001638  0EFF               	movlw	255
  4377  00163A  1622               	andwf	___flmul@prod^0,f,c
  4378  00163C  0EFF               	movlw	255
  4379  00163E  1623               	andwf	(___flmul@prod+1)^0,f,c
  4380  001640  0E7F               	movlw	127
  4381  001642  1624               	andwf	(___flmul@prod+2)^0,f,c
  4382  001644  0E00               	movlw	0
  4383  001646  1625               	andwf	(___flmul@prod+3)^0,f,c
  4384  001648  A021               	btfss	___flmul@bexp^0,0,c
  4385  00164A  EF29  F00B         	goto	u2621
  4386  00164E  EF2B  F00B         	goto	u2620
  4387  001652                     u2621:
  4388  001652  EF2C  F00B         	goto	l2567
  4389  001656                     u2620:
  4390  001656  8E24               	bsf	(___flmul@prod+2)^0,7,c
  4391  001658                     l2567:
  4392  001658  90D8               	bcf	status,0,c
  4393  00165A  3021               	rrcf	___flmul@bexp^0,w,c
  4394  00165C  6E25               	movwf	(___flmul@prod+3)^0,c
  4395  00165E                     l2569:
  4396  00165E  501B               	movf	___flmul@sign^0,w,c
  4397  001660  1225               	iorwf	(___flmul@prod+3)^0,f,c
  4398  001662  C022  F00F         	movff	___flmul@prod,?___flmul
  4399  001666  C023  F010         	movff	___flmul@prod+1,?___flmul+1
  4400  00166A  C024  F011         	movff	___flmul@prod+2,?___flmul+2
  4401  00166E  C025  F012         	movff	___flmul@prod+3,?___flmul+3
  4402  001672                     l986:
  4403  001672  0012               	return		;funcret
  4404  001674                     __end_of___flmul:
  4405                           	callstack 0
  4406                           
  4407 ;; *************** function ___flge *****************
  4408 ;; Defined at:
  4409 ;;		line 4 in file "C:\Program Files\Microchip\xc8\v2.36\pic\sources\c99\common\flge.c"
  4410 ;; Parameters:    Size  Location     Type
  4411 ;;  ff1             4    0[COMRAM] unsigned char 
  4412 ;;  ff2             4    4[COMRAM] unsigned char 
  4413 ;; Auto vars:     Size  Location     Type
  4414 ;;		None
  4415 ;; Return value:  Size  Location     Type
  4416 ;;		None               void
  4417 ;; Registers used:
  4418 ;;		wreg, status,2, status,0
  4419 ;; Tracked objects:
  4420 ;;		On entry : 0/0
  4421 ;;		On exit  : 0/0
  4422 ;;		Unchanged: 0/0
  4423 ;; Data sizes:     COMRAM   BANK0   BANK1   BANK2   BANK3   BANK4   BANK5   BANK6   BANK7
  4424 ;;      Params:         8       0       0       0       0       0       0       0       0
  4425 ;;      Locals:         0       0       0       0       0       0       0       0       0
  4426 ;;      Temps:          4       0       0       0       0       0       0       0       0
  4427 ;;      Totals:        12       0       0       0       0       0       0       0       0
  4428 ;;Total ram usage:       12 bytes
  4429 ;; Hardware stack levels used: 1
  4430 ;; This function calls:
  4431 ;;		Nothing
  4432 ;; This function is called by:
  4433 ;;		_DISPLAY_ShowFloatValue
  4434 ;; This function uses a non-reentrant model
  4435 ;;
  4436                           
  4437                           	psect	text19
  4438  001F90                     __ptext19:
  4439                           	callstack 0
  4440  001F90                     ___flge:
  4441                           	callstack 29
  4442  001F90  0E00               	movlw	0
  4443  001F92  1401               	andwf	___flge@ff1^0,w,c
  4444  001F94  6E09               	movwf	??___flge^0,c
  4445  001F96  0E00               	movlw	0
  4446  001F98  1402               	andwf	(___flge@ff1+1)^0,w,c
  4447  001F9A  6E0A               	movwf	(??___flge+1)^0,c
  4448  001F9C  0E80               	movlw	128
  4449  001F9E  1403               	andwf	(___flge@ff1+2)^0,w,c
  4450  001FA0  6E0B               	movwf	(??___flge+2)^0,c
  4451  001FA2  0E7F               	movlw	127
  4452  001FA4  1404               	andwf	(___flge@ff1+3)^0,w,c
  4453  001FA6  6E0C               	movwf	(??___flge+3)^0,c
  4454  001FA8  5009               	movf	??___flge^0,w,c
  4455  001FAA  100A               	iorwf	(??___flge+1)^0,w,c
  4456  001FAC  100B               	iorwf	(??___flge+2)^0,w,c
  4457  001FAE  100C               	iorwf	(??___flge+3)^0,w,c
  4458  001FB0  A4D8               	btfss	status,2,c
  4459  001FB2  EFDD  F00F         	goto	u2631
  4460  001FB6  EFDF  F00F         	goto	u2630
  4461  001FBA                     u2631:
  4462  001FBA  EFE7  F00F         	goto	l2579
  4463  001FBE                     u2630:
  4464  001FBE  0E00               	movlw	0
  4465  001FC0  6E01               	movwf	___flge@ff1^0,c
  4466  001FC2  0E00               	movlw	0
  4467  001FC4  6E02               	movwf	(___flge@ff1+1)^0,c
  4468  001FC6  0E00               	movlw	0
  4469  001FC8  6E03               	movwf	(___flge@ff1+2)^0,c
  4470  001FCA  0E00               	movlw	0
  4471  001FCC  6E04               	movwf	(___flge@ff1+3)^0,c
  4472  001FCE                     l2579:
  4473  001FCE  0E00               	movlw	0
  4474  001FD0  1405               	andwf	___flge@ff2^0,w,c
  4475  001FD2  6E09               	movwf	??___flge^0,c
  4476  001FD4  0E00               	movlw	0
  4477  001FD6  1406               	andwf	(___flge@ff2+1)^0,w,c
  4478  001FD8  6E0A               	movwf	(??___flge+1)^0,c
  4479  001FDA  0E80               	movlw	128
  4480  001FDC  1407               	andwf	(___flge@ff2+2)^0,w,c
  4481  001FDE  6E0B               	movwf	(??___flge+2)^0,c
  4482  001FE0  0E7F               	movlw	127
  4483  001FE2  1408               	andwf	(___flge@ff2+3)^0,w,c
  4484  001FE4  6E0C               	movwf	(??___flge+3)^0,c
  4485  001FE6  5009               	movf	??___flge^0,w,c
  4486  001FE8  100A               	iorwf	(??___flge+1)^0,w,c
  4487  001FEA  100B               	iorwf	(??___flge+2)^0,w,c
  4488  001FEC  100C               	iorwf	(??___flge+3)^0,w,c
  4489  001FEE  A4D8               	btfss	status,2,c
  4490  001FF0  EFFC  F00F         	goto	u2641
  4491  001FF4  EFFE  F00F         	goto	u2640
  4492  001FF8                     u2641:
  4493  001FF8  EF06  F010         	goto	l2583
  4494  001FFC                     u2640:
  4495  001FFC  0E00               	movlw	0
  4496  001FFE  6E05               	movwf	___flge@ff2^0,c
  4497  002000  0E00               	movlw	0
  4498  002002  6E06               	movwf	(___flge@ff2+1)^0,c
  4499  002004  0E00               	movlw	0
  4500  002006  6E07               	movwf	(___flge@ff2+2)^0,c
  4501  002008  0E00               	movlw	0
  4502  00200A  6E08               	movwf	(___flge@ff2+3)^0,c
  4503  00200C                     l2583:
  4504  00200C  AE04               	btfss	(___flge@ff1+3)^0,7,c
  4505  00200E  EF0B  F010         	goto	u2651
  4506  002012  EF0D  F010         	goto	u2650
  4507  002016                     u2651:
  4508  002016  EF16  F010         	goto	l2587
  4509  00201A                     u2650:
  4510  00201A  6C01               	negf	___flge@ff1^0,c
  4511  00201C  1E02               	comf	(___flge@ff1+1)^0,f,c
  4512  00201E  B0D8               	btfsc	status,0,c
  4513  002020  2A02               	incf	(___flge@ff1+1)^0,f,c
  4514  002022  1E03               	comf	(___flge@ff1+2)^0,f,c
  4515  002024  B0D8               	btfsc	status,0,c
  4516  002026  2A03               	incf	(___flge@ff1+2)^0,f,c
  4517  002028  0E80               	movlw	128
  4518  00202A  5604               	subfwb	(___flge@ff1+3)^0,f,c
  4519  00202C                     l2587:
  4520  00202C  AE08               	btfss	(___flge@ff2+3)^0,7,c
  4521  00202E  EF1B  F010         	goto	u2661
  4522  002032  EF1D  F010         	goto	u2660
  4523  002036                     u2661:
  4524  002036  EF26  F010         	goto	l633
  4525  00203A                     u2660:
  4526  00203A  6C05               	negf	___flge@ff2^0,c
  4527  00203C  1E06               	comf	(___flge@ff2+1)^0,f,c
  4528  00203E  B0D8               	btfsc	status,0,c
  4529  002040  2A06               	incf	(___flge@ff2+1)^0,f,c
  4530  002042  1E07               	comf	(___flge@ff2+2)^0,f,c
  4531  002044  B0D8               	btfsc	status,0,c
  4532  002046  2A07               	incf	(___flge@ff2+2)^0,f,c
  4533  002048  0E80               	movlw	128
  4534  00204A  5608               	subfwb	(___flge@ff2+3)^0,f,c
  4535  00204C                     l633:
  4536  00204C  0E00               	movlw	0
  4537  00204E  1A01               	xorwf	___flge@ff1^0,f,c
  4538  002050  0E00               	movlw	0
  4539  002052  1A02               	xorwf	(___flge@ff1+1)^0,f,c
  4540  002054  0E00               	movlw	0
  4541  002056  1A03               	xorwf	(___flge@ff1+2)^0,f,c
  4542  002058  0E80               	movlw	128
  4543  00205A  1A04               	xorwf	(___flge@ff1+3)^0,f,c
  4544  00205C  0E00               	movlw	0
  4545  00205E  1A05               	xorwf	___flge@ff2^0,f,c
  4546  002060  0E00               	movlw	0
  4547  002062  1A06               	xorwf	(___flge@ff2+1)^0,f,c
  4548  002064  0E00               	movlw	0
  4549  002066  1A07               	xorwf	(___flge@ff2+2)^0,f,c
  4550  002068  0E80               	movlw	128
  4551  00206A  1A08               	xorwf	(___flge@ff2+3)^0,f,c
  4552  00206C  5005               	movf	___flge@ff2^0,w,c
  4553  00206E  5C01               	subwf	___flge@ff1^0,w,c
  4554  002070  5006               	movf	(___flge@ff2+1)^0,w,c
  4555  002072  5802               	subwfb	(___flge@ff1+1)^0,w,c
  4556  002074  5007               	movf	(___flge@ff2+2)^0,w,c
  4557  002076  5803               	subwfb	(___flge@ff1+2)^0,w,c
  4558  002078  5008               	movf	(___flge@ff2+3)^0,w,c
  4559  00207A  5804               	subwfb	(___flge@ff1+3)^0,w,c
  4560  00207C  B0D8               	btfsc	status,0,c
  4561  00207E  EF43  F010         	goto	u2671
  4562  002082  EF45  F010         	goto	u2670
  4563  002086                     u2671:
  4564  002086  EF48  F010         	goto	l2593
  4565  00208A                     u2670:
  4566  00208A  90D8               	bcf	status,0,c
  4567  00208C  EF49  F010         	goto	l638
  4568  002090                     l2593:
  4569  002090  80D8               	bsf	status,0,c
  4570  002092                     l638:
  4571  002092  0012               	return		;funcret
  4572  002094                     __end_of___flge:
  4573                           	callstack 0
  4574                           
  4575 ;; *************** function ___fladd *****************
  4576 ;; Defined at:
  4577 ;;		line 10 in file "C:\Program Files\Microchip\xc8\v2.36\pic\sources\c99\common\sprcadd.c"
  4578 ;; Parameters:    Size  Location     Type
  4579 ;;  b               4   39[COMRAM] unsigned char 
  4580 ;;  a               4   43[COMRAM] unsigned char 
  4581 ;; Auto vars:     Size  Location     Type
  4582 ;;  grs             1   54[COMRAM] unsigned char 
  4583 ;;  bexp            1   53[COMRAM] unsigned char 
  4584 ;;  aexp            1   52[COMRAM] unsigned char 
  4585 ;;  signs           1   51[COMRAM] unsigned char 
  4586 ;; Return value:  Size  Location     Type
  4587 ;;                  4   39[COMRAM] unsigned char 
  4588 ;; Registers used:
  4589 ;;		wreg, status,2, status,0
  4590 ;; Tracked objects:
  4591 ;;		On entry : 0/0
  4592 ;;		On exit  : 0/0
  4593 ;;		Unchanged: 0/0
  4594 ;; Data sizes:     COMRAM   BANK0   BANK1   BANK2   BANK3   BANK4   BANK5   BANK6   BANK7
  4595 ;;      Params:         8       0       0       0       0       0       0       0       0
  4596 ;;      Locals:         4       0       0       0       0       0       0       0       0
  4597 ;;      Temps:          4       0       0       0       0       0       0       0       0
  4598 ;;      Totals:        16       0       0       0       0       0       0       0       0
  4599 ;;Total ram usage:       16 bytes
  4600 ;; Hardware stack levels used: 1
  4601 ;; This function calls:
  4602 ;;		Nothing
  4603 ;; This function is called by:
  4604 ;;		_DISPLAY_ShowFloatValue
  4605 ;; This function uses a non-reentrant model
  4606 ;;
  4607                           
  4608                           	psect	text20
  4609  0008E6                     __ptext20:
  4610                           	callstack 0
  4611  0008E6                     ___fladd:
  4612                           	callstack 29
  4613  0008E6  502B               	movf	(___fladd@b+3)^0,w,c
  4614  0008E8  0B80               	andlw	128
  4615  0008EA  6E34               	movwf	___fladd@signs^0,c
  4616  0008EC  502B               	movf	(___fladd@b+3)^0,w,c
  4617  0008EE  242B               	addwf	(___fladd@b+3)^0,w,c
  4618  0008F0  6E36               	movwf	___fladd@bexp^0,c
  4619  0008F2  AE2A               	btfss	(___fladd@b+2)^0,7,c
  4620  0008F4  EF7E  F004         	goto	u2051
  4621  0008F8  EF80  F004         	goto	u2050
  4622  0008FC                     u2051:
  4623  0008FC  EF81  F004         	goto	l2249
  4624  000900                     u2050:
  4625  000900  8036               	bsf	___fladd@bexp^0,0,c
  4626  000902                     l2249:
  4627  000902  5036               	movf	___fladd@bexp^0,w,c
  4628  000904  B4D8               	btfsc	status,2,c
  4629  000906  EF87  F004         	goto	u2061
  4630  00090A  EF89  F004         	goto	u2060
  4631  00090E                     u2061:
  4632  00090E  EF9E  F004         	goto	l2259
  4633  000912                     u2060:
  4634  000912  2836               	incf	___fladd@bexp^0,w,c
  4635  000914  A4D8               	btfss	status,2,c
  4636  000916  EF8F  F004         	goto	u2071
  4637  00091A  EF91  F004         	goto	u2070
  4638  00091E                     u2071:
  4639  00091E  EF99  F004         	goto	l2255
  4640  000922                     u2070:
  4641  000922  0E00               	movlw	0
  4642  000924  6E28               	movwf	___fladd@b^0,c
  4643  000926  0E00               	movlw	0
  4644  000928  6E29               	movwf	(___fladd@b+1)^0,c
  4645  00092A  0E00               	movlw	0
  4646  00092C  6E2A               	movwf	(___fladd@b+2)^0,c
  4647  00092E  0E00               	movlw	0
  4648  000930  6E2B               	movwf	(___fladd@b+3)^0,c
  4649  000932                     l2255:
  4650  000932  8E2A               	bsf	(___fladd@b+2)^0,7,c
  4651  000934  0E00               	movlw	0
  4652  000936  6E2B               	movwf	(___fladd@b+3)^0,c
  4653  000938  EFA6  F004         	goto	l2261
  4654  00093C                     l2259:
  4655  00093C  0E00               	movlw	0
  4656  00093E  6E28               	movwf	___fladd@b^0,c
  4657  000940  0E00               	movlw	0
  4658  000942  6E29               	movwf	(___fladd@b+1)^0,c
  4659  000944  0E00               	movlw	0
  4660  000946  6E2A               	movwf	(___fladd@b+2)^0,c
  4661  000948  0E00               	movlw	0
  4662  00094A  6E2B               	movwf	(___fladd@b+3)^0,c
  4663  00094C                     l2261:
  4664  00094C  502F               	movf	(___fladd@a+3)^0,w,c
  4665  00094E  0B80               	andlw	128
  4666  000950  6E35               	movwf	___fladd@aexp^0,c
  4667  000952  5034               	movf	___fladd@signs^0,w,c
  4668  000954  1835               	xorwf	___fladd@aexp^0,w,c
  4669  000956  B4D8               	btfsc	status,2,c
  4670  000958  EFB0  F004         	goto	u2081
  4671  00095C  EFB2  F004         	goto	u2080
  4672  000960                     u2081:
  4673  000960  EFB3  F004         	goto	l2267
  4674  000964                     u2080:
  4675  000964  8C34               	bsf	___fladd@signs^0,6,c
  4676  000966                     l2267:
  4677  000966  502F               	movf	(___fladd@a+3)^0,w,c
  4678  000968  242F               	addwf	(___fladd@a+3)^0,w,c
  4679  00096A  6E35               	movwf	___fladd@aexp^0,c
  4680  00096C  AE2E               	btfss	(___fladd@a+2)^0,7,c
  4681  00096E  EFBB  F004         	goto	u2091
  4682  000972  EFBD  F004         	goto	u2090
  4683  000976                     u2091:
  4684  000976  EFBE  F004         	goto	l2273
  4685  00097A                     u2090:
  4686  00097A  8035               	bsf	___fladd@aexp^0,0,c
  4687  00097C                     l2273:
  4688  00097C  5035               	movf	___fladd@aexp^0,w,c
  4689  00097E  B4D8               	btfsc	status,2,c
  4690  000980  EFC4  F004         	goto	u2101
  4691  000984  EFC6  F004         	goto	u2100
  4692  000988                     u2101:
  4693  000988  EFDB  F004         	goto	l2283
  4694  00098C                     u2100:
  4695  00098C  2835               	incf	___fladd@aexp^0,w,c
  4696  00098E  A4D8               	btfss	status,2,c
  4697  000990  EFCC  F004         	goto	u2111
  4698  000994  EFCE  F004         	goto	u2110
  4699  000998                     u2111:
  4700  000998  EFD6  F004         	goto	l2279
  4701  00099C                     u2110:
  4702  00099C  0E00               	movlw	0
  4703  00099E  6E2C               	movwf	___fladd@a^0,c
  4704  0009A0  0E00               	movlw	0
  4705  0009A2  6E2D               	movwf	(___fladd@a+1)^0,c
  4706  0009A4  0E00               	movlw	0
  4707  0009A6  6E2E               	movwf	(___fladd@a+2)^0,c
  4708  0009A8  0E00               	movlw	0
  4709  0009AA  6E2F               	movwf	(___fladd@a+3)^0,c
  4710  0009AC                     l2279:
  4711  0009AC  8E2E               	bsf	(___fladd@a+2)^0,7,c
  4712  0009AE  0E00               	movlw	0
  4713  0009B0  6E2F               	movwf	(___fladd@a+3)^0,c
  4714  0009B2  EFE3  F004         	goto	l2285
  4715  0009B6                     l2283:
  4716  0009B6  0E00               	movlw	0
  4717  0009B8  6E2C               	movwf	___fladd@a^0,c
  4718  0009BA  0E00               	movlw	0
  4719  0009BC  6E2D               	movwf	(___fladd@a+1)^0,c
  4720  0009BE  0E00               	movlw	0
  4721  0009C0  6E2E               	movwf	(___fladd@a+2)^0,c
  4722  0009C2  0E00               	movlw	0
  4723  0009C4  6E2F               	movwf	(___fladd@a+3)^0,c
  4724  0009C6                     l2285:
  4725  0009C6  5036               	movf	___fladd@bexp^0,w,c
  4726  0009C8  5C35               	subwf	___fladd@aexp^0,w,c
  4727  0009CA  B0D8               	btfsc	status,0,c
  4728  0009CC  EFEA  F004         	goto	u2121
  4729  0009D0  EFEC  F004         	goto	u2120
  4730  0009D4                     u2121:
  4731  0009D4  EF13  F005         	goto	l2321
  4732  0009D8                     u2120:
  4733  0009D8  AC34               	btfss	___fladd@signs^0,6,c
  4734  0009DA  EFF1  F004         	goto	u2131
  4735  0009DE  EFF3  F004         	goto	u2130
  4736  0009E2                     u2131:
  4737  0009E2  EFF5  F004         	goto	l2291
  4738  0009E6                     u2130:
  4739  0009E6  0E80               	movlw	128
  4740  0009E8  1A34               	xorwf	___fladd@signs^0,f,c
  4741  0009EA                     l2291:
  4742  0009EA  C036  F037         	movff	___fladd@bexp,___fladd@grs
  4743  0009EE  C035  F036         	movff	___fladd@aexp,___fladd@bexp
  4744  0009F2  C037  F035         	movff	___fladd@grs,___fladd@aexp
  4745  0009F6  C028  F037         	movff	___fladd@b,___fladd@grs
  4746  0009FA  C02C  F028         	movff	___fladd@a,___fladd@b
  4747  0009FE  C037  F02C         	movff	___fladd@grs,___fladd@a
  4748  000A02  C029  F037         	movff	___fladd@b+1,___fladd@grs
  4749  000A06  C02D  F029         	movff	___fladd@a+1,___fladd@b+1
  4750  000A0A  C037  F02D         	movff	___fladd@grs,___fladd@a+1
  4751  000A0E  C02A  F037         	movff	___fladd@b+2,___fladd@grs
  4752  000A12  C02E  F02A         	movff	___fladd@a+2,___fladd@b+2
  4753  000A16  C037  F02E         	movff	___fladd@grs,___fladd@a+2
  4754  000A1A  C02B  F037         	movff	___fladd@b+3,___fladd@grs
  4755  000A1E  C02F  F02B         	movff	___fladd@a+3,___fladd@b+3
  4756  000A22  C037  F02F         	movff	___fladd@grs,___fladd@a+3
  4757  000A26                     l2321:
  4758  000A26  0E00               	movlw	0
  4759  000A28  6E37               	movwf	___fladd@grs^0,c
  4760  000A2A  5036               	movf	___fladd@bexp^0,w,c
  4761  000A2C  C035  F030         	movff	___fladd@aexp,??___fladd
  4762  000A30  6A31               	clrf	(??___fladd+1)^0,c
  4763  000A32  5E30               	subwf	??___fladd^0,f,c
  4764  000A34  0E00               	movlw	0
  4765  000A36  5A31               	subwfb	(??___fladd+1)^0,f,c
  4766  000A38  BE31               	btfsc	(??___fladd+1)^0,7,c
  4767  000A3A  EF28  F005         	goto	u2141
  4768  000A3E  5031               	movf	(??___fladd+1)^0,w,c
  4769  000A40  E109               	bnz	u2140
  4770  000A42  0E1A               	movlw	26
  4771  000A44  5C30               	subwf	??___fladd^0,w,c
  4772  000A46  A0D8               	btfss	status,0,c
  4773  000A48  EF28  F005         	goto	u2141
  4774  000A4C  EF2A  F005         	goto	u2140
  4775  000A50                     u2141:
  4776  000A50  EF61  F005         	goto	l897
  4777  000A54                     u2140:
  4778  000A54  5028               	movf	___fladd@b^0,w,c
  4779  000A56  1029               	iorwf	(___fladd@b+1)^0,w,c
  4780  000A58  102A               	iorwf	(___fladd@b+2)^0,w,c
  4781  000A5A  102B               	iorwf	(___fladd@b+3)^0,w,c
  4782  000A5C  A4D8               	btfss	status,2,c
  4783  000A5E  EF33  F005         	goto	u2151
  4784  000A62  EF36  F005         	goto	u2150
  4785  000A66                     u2151:
  4786  000A66  0E01               	movlw	1
  4787  000A68  EF37  F005         	goto	u2160
  4788  000A6C                     u2150:
  4789  000A6C  0E00               	movlw	0
  4790  000A6E                     u2160:
  4791  000A6E  6E37               	movwf	___fladd@grs^0,c
  4792  000A70  0E00               	movlw	0
  4793  000A72  6E28               	movwf	___fladd@b^0,c
  4794  000A74  0E00               	movlw	0
  4795  000A76  6E29               	movwf	(___fladd@b+1)^0,c
  4796  000A78  0E00               	movlw	0
  4797  000A7A  6E2A               	movwf	(___fladd@b+2)^0,c
  4798  000A7C  0E00               	movlw	0
  4799  000A7E  6E2B               	movwf	(___fladd@b+3)^0,c
  4800  000A80  C035  F036         	movff	___fladd@aexp,___fladd@bexp
  4801  000A84  EF6A  F005         	goto	l896
  4802  000A88                     l898:
  4803  000A88  A037               	btfss	___fladd@grs^0,0,c
  4804  000A8A  EF49  F005         	goto	u2171
  4805  000A8E  EF4B  F005         	goto	u2170
  4806  000A92                     u2171:
  4807  000A92  EF51  F005         	goto	l2333
  4808  000A96                     u2170:
  4809  000A96  90D8               	bcf	status,0,c
  4810  000A98  3037               	rrcf	___fladd@grs^0,w,c
  4811  000A9A  0901               	iorlw	1
  4812  000A9C  6E37               	movwf	___fladd@grs^0,c
  4813  000A9E  EF53  F005         	goto	l2335
  4814  000AA2                     l2333:
  4815  000AA2  90D8               	bcf	status,0,c
  4816  000AA4  3237               	rrcf	___fladd@grs^0,f,c
  4817  000AA6                     l2335:
  4818  000AA6  A028               	btfss	___fladd@b^0,0,c
  4819  000AA8  EF58  F005         	goto	u2181
  4820  000AAC  EF5A  F005         	goto	u2180
  4821  000AB0                     u2181:
  4822  000AB0  EF5B  F005         	goto	l2339
  4823  000AB4                     u2180:
  4824  000AB4  8E37               	bsf	___fladd@grs^0,7,c
  4825  000AB6                     l2339:
  4826  000AB6  342B               	rlcf	(___fladd@b+3)^0,w,c
  4827  000AB8  322B               	rrcf	(___fladd@b+3)^0,f,c
  4828  000ABA  322A               	rrcf	(___fladd@b+2)^0,f,c
  4829  000ABC  3229               	rrcf	(___fladd@b+1)^0,f,c
  4830  000ABE  3228               	rrcf	___fladd@b^0,f,c
  4831  000AC0  2A36               	incf	___fladd@bexp^0,f,c
  4832  000AC2                     l897:
  4833  000AC2  5035               	movf	___fladd@aexp^0,w,c
  4834  000AC4  5C36               	subwf	___fladd@bexp^0,w,c
  4835  000AC6  A0D8               	btfss	status,0,c
  4836  000AC8  EF68  F005         	goto	u2191
  4837  000ACC  EF6A  F005         	goto	u2190
  4838  000AD0                     u2191:
  4839  000AD0  EF44  F005         	goto	l898
  4840  000AD4                     u2190:
  4841  000AD4                     l896:
  4842  000AD4  BC34               	btfsc	___fladd@signs^0,6,c
  4843  000AD6  EF6F  F005         	goto	u2201
  4844  000ADA  EF71  F005         	goto	u2200
  4845  000ADE                     u2201:
  4846  000ADE  EFB1  F005         	goto	l2367
  4847  000AE2                     u2200:
  4848  000AE2  5036               	movf	___fladd@bexp^0,w,c
  4849  000AE4  A4D8               	btfss	status,2,c
  4850  000AE6  EF77  F005         	goto	u2211
  4851  000AEA  EF79  F005         	goto	u2210
  4852  000AEE                     u2211:
  4853  000AEE  EF83  F005         	goto	l2349
  4854  000AF2                     u2210:
  4855  000AF2  0E00               	movlw	0
  4856  000AF4  6E28               	movwf	?___fladd^0,c
  4857  000AF6  0E00               	movlw	0
  4858  000AF8  6E29               	movwf	(?___fladd+1)^0,c
  4859  000AFA  0E00               	movlw	0
  4860  000AFC  6E2A               	movwf	(?___fladd+2)^0,c
  4861  000AFE  0E00               	movlw	0
  4862  000B00  6E2B               	movwf	(?___fladd+3)^0,c
  4863  000B02  EFD2  F006         	goto	l905
  4864  000B06                     l2349:
  4865  000B06  502C               	movf	___fladd@a^0,w,c
  4866  000B08  2628               	addwf	___fladd@b^0,f,c
  4867  000B0A  502D               	movf	(___fladd@a+1)^0,w,c
  4868  000B0C  2229               	addwfc	(___fladd@b+1)^0,f,c
  4869  000B0E  502E               	movf	(___fladd@a+2)^0,w,c
  4870  000B10  222A               	addwfc	(___fladd@b+2)^0,f,c
  4871  000B12  502F               	movf	(___fladd@a+3)^0,w,c
  4872  000B14  222B               	addwfc	(___fladd@b+3)^0,f,c
  4873  000B16  A02B               	btfss	(___fladd@b+3)^0,0,c
  4874  000B18  EF90  F005         	goto	u2221
  4875  000B1C  EF92  F005         	goto	u2220
  4876  000B20                     u2221:
  4877  000B20  EF3E  F006         	goto	l2403
  4878  000B24                     u2220:
  4879  000B24  A037               	btfss	___fladd@grs^0,0,c
  4880  000B26  EF97  F005         	goto	u2231
  4881  000B2A  EF99  F005         	goto	u2230
  4882  000B2E                     u2231:
  4883  000B2E  EF9F  F005         	goto	l2357
  4884  000B32                     u2230:
  4885  000B32  90D8               	bcf	status,0,c
  4886  000B34  3037               	rrcf	___fladd@grs^0,w,c
  4887  000B36  0901               	iorlw	1
  4888  000B38  6E37               	movwf	___fladd@grs^0,c
  4889  000B3A  EFA1  F005         	goto	l2359
  4890  000B3E                     l2357:
  4891  000B3E  90D8               	bcf	status,0,c
  4892  000B40  3237               	rrcf	___fladd@grs^0,f,c
  4893  000B42                     l2359:
  4894  000B42  A028               	btfss	___fladd@b^0,0,c
  4895  000B44  EFA6  F005         	goto	u2241
  4896  000B48  EFA8  F005         	goto	u2240
  4897  000B4C                     u2241:
  4898  000B4C  EFA9  F005         	goto	l2363
  4899  000B50                     u2240:
  4900  000B50  8E37               	bsf	___fladd@grs^0,7,c
  4901  000B52                     l2363:
  4902  000B52  342B               	rlcf	(___fladd@b+3)^0,w,c
  4903  000B54  322B               	rrcf	(___fladd@b+3)^0,f,c
  4904  000B56  322A               	rrcf	(___fladd@b+2)^0,f,c
  4905  000B58  3229               	rrcf	(___fladd@b+1)^0,f,c
  4906  000B5A  3228               	rrcf	___fladd@b^0,f,c
  4907  000B5C  2A36               	incf	___fladd@bexp^0,f,c
  4908  000B5E  EF3E  F006         	goto	l2403
  4909  000B62                     l2367:
  4910  000B62  502C               	movf	___fladd@a^0,w,c
  4911  000B64  5C28               	subwf	___fladd@b^0,w,c
  4912  000B66  502D               	movf	(___fladd@a+1)^0,w,c
  4913  000B68  5829               	subwfb	(___fladd@b+1)^0,w,c
  4914  000B6A  502E               	movf	(___fladd@a+2)^0,w,c
  4915  000B6C  582A               	subwfb	(___fladd@b+2)^0,w,c
  4916  000B6E  502B               	movf	(___fladd@b+3)^0,w,c
  4917  000B70  0A80               	xorlw	128
  4918  000B72  6E30               	movwf	??___fladd^0,c
  4919  000B74  502F               	movf	(___fladd@a+3)^0,w,c
  4920  000B76  0A80               	xorlw	128
  4921  000B78  5830               	subwfb	??___fladd^0,w,c
  4922  000B7A  B0D8               	btfsc	status,0,c
  4923  000B7C  EFC2  F005         	goto	u2251
  4924  000B80  EFC4  F005         	goto	u2250
  4925  000B84                     u2251:
  4926  000B84  EFEF  F005         	goto	l2377
  4927  000B88                     u2250:
  4928  000B88  5028               	movf	___fladd@b^0,w,c
  4929  000B8A  5C2C               	subwf	___fladd@a^0,w,c
  4930  000B8C  6E30               	movwf	??___fladd^0,c
  4931  000B8E  5029               	movf	(___fladd@b+1)^0,w,c
  4932  000B90  582D               	subwfb	(___fladd@a+1)^0,w,c
  4933  000B92  6E31               	movwf	(??___fladd+1)^0,c
  4934  000B94  502A               	movf	(___fladd@b+2)^0,w,c
  4935  000B96  582E               	subwfb	(___fladd@a+2)^0,w,c
  4936  000B98  6E32               	movwf	(??___fladd+2)^0,c
  4937  000B9A  502B               	movf	(___fladd@b+3)^0,w,c
  4938  000B9C  582F               	subwfb	(___fladd@a+3)^0,w,c
  4939  000B9E  6E33               	movwf	(??___fladd+3)^0,c
  4940  000BA0  0EFF               	movlw	255
  4941  000BA2  2430               	addwf	??___fladd^0,w,c
  4942  000BA4  6E28               	movwf	___fladd@b^0,c
  4943  000BA6  0EFF               	movlw	255
  4944  000BA8  2031               	addwfc	(??___fladd+1)^0,w,c
  4945  000BAA  6E29               	movwf	(___fladd@b+1)^0,c
  4946  000BAC  0EFF               	movlw	255
  4947  000BAE  2032               	addwfc	(??___fladd+2)^0,w,c
  4948  000BB0  6E2A               	movwf	(___fladd@b+2)^0,c
  4949  000BB2  0EFF               	movlw	255
  4950  000BB4  2033               	addwfc	(??___fladd+3)^0,w,c
  4951  000BB6  6E2B               	movwf	(___fladd@b+3)^0,c
  4952  000BB8  0E80               	movlw	128
  4953  000BBA  1A34               	xorwf	___fladd@signs^0,f,c
  4954  000BBC  6C37               	negf	___fladd@grs^0,c
  4955  000BBE  5037               	movf	___fladd@grs^0,w,c
  4956  000BC0  A4D8               	btfss	status,2,c
  4957  000BC2  EFE5  F005         	goto	u2261
  4958  000BC6  EFE7  F005         	goto	u2260
  4959  000BCA                     u2261:
  4960  000BCA  EFF7  F005         	goto	l913
  4961  000BCE                     u2260:
  4962  000BCE  0E01               	movlw	1
  4963  000BD0  2628               	addwf	___fladd@b^0,f,c
  4964  000BD2  0E00               	movlw	0
  4965  000BD4  2229               	addwfc	(___fladd@b+1)^0,f,c
  4966  000BD6  222A               	addwfc	(___fladd@b+2)^0,f,c
  4967  000BD8  222B               	addwfc	(___fladd@b+3)^0,f,c
  4968  000BDA  EFF7  F005         	goto	l913
  4969  000BDE                     l2377:
  4970  000BDE  502C               	movf	___fladd@a^0,w,c
  4971  000BE0  5E28               	subwf	___fladd@b^0,f,c
  4972  000BE2  502D               	movf	(___fladd@a+1)^0,w,c
  4973  000BE4  5A29               	subwfb	(___fladd@b+1)^0,f,c
  4974  000BE6  502E               	movf	(___fladd@a+2)^0,w,c
  4975  000BE8  5A2A               	subwfb	(___fladd@b+2)^0,f,c
  4976  000BEA  502F               	movf	(___fladd@a+3)^0,w,c
  4977  000BEC  5A2B               	subwfb	(___fladd@b+3)^0,f,c
  4978  000BEE                     l913:
  4979  000BEE  5028               	movf	___fladd@b^0,w,c
  4980  000BF0  1029               	iorwf	(___fladd@b+1)^0,w,c
  4981  000BF2  102A               	iorwf	(___fladd@b+2)^0,w,c
  4982  000BF4  102B               	iorwf	(___fladd@b+3)^0,w,c
  4983  000BF6  A4D8               	btfss	status,2,c
  4984  000BF8  EF00  F006         	goto	u2271
  4985  000BFC  EF02  F006         	goto	u2270
  4986  000C00                     u2271:
  4987  000C00  EF37  F006         	goto	l2401
  4988  000C04                     u2270:
  4989  000C04  5037               	movf	___fladd@grs^0,w,c
  4990  000C06  A4D8               	btfss	status,2,c
  4991  000C08  EF08  F006         	goto	u2281
  4992  000C0C  EF0A  F006         	goto	u2280
  4993  000C10                     u2281:
  4994  000C10  EF37  F006         	goto	l2401
  4995  000C14                     u2280:
  4996  000C14  0E00               	movlw	0
  4997  000C16  6E28               	movwf	?___fladd^0,c
  4998  000C18  0E00               	movlw	0
  4999  000C1A  6E29               	movwf	(?___fladd+1)^0,c
  5000  000C1C  0E00               	movlw	0
  5001  000C1E  6E2A               	movwf	(?___fladd+2)^0,c
  5002  000C20  0E00               	movlw	0
  5003  000C22  6E2B               	movwf	(?___fladd+3)^0,c
  5004  000C24  EFD2  F006         	goto	l905
  5005  000C28                     l2385:
  5006  000C28  90D8               	bcf	status,0,c
  5007  000C2A  3628               	rlcf	___fladd@b^0,f,c
  5008  000C2C  3629               	rlcf	(___fladd@b+1)^0,f,c
  5009  000C2E  362A               	rlcf	(___fladd@b+2)^0,f,c
  5010  000C30  362B               	rlcf	(___fladd@b+3)^0,f,c
  5011  000C32  AE37               	btfss	___fladd@grs^0,7,c
  5012  000C34  EF1E  F006         	goto	u2291
  5013  000C38  EF20  F006         	goto	u2290
  5014  000C3C                     u2291:
  5015  000C3C  EF21  F006         	goto	l2391
  5016  000C40                     u2290:
  5017  000C40  8028               	bsf	___fladd@b^0,0,c
  5018  000C42                     l2391:
  5019  000C42  A037               	btfss	___fladd@grs^0,0,c
  5020  000C44  EF26  F006         	goto	u2301
  5021  000C48  EF28  F006         	goto	u2300
  5022  000C4C                     u2301:
  5023  000C4C  EF2C  F006         	goto	l2395
  5024  000C50                     u2300:
  5025  000C50  80D8               	bsf	status,0,c
  5026  000C52  3637               	rlcf	___fladd@grs^0,f,c
  5027  000C54  EF2E  F006         	goto	l2397
  5028  000C58                     l2395:
  5029  000C58  90D8               	bcf	status,0,c
  5030  000C5A  3637               	rlcf	___fladd@grs^0,f,c
  5031  000C5C                     l2397:
  5032  000C5C  5036               	movf	___fladd@bexp^0,w,c
  5033  000C5E  B4D8               	btfsc	status,2,c
  5034  000C60  EF34  F006         	goto	u2311
  5035  000C64  EF36  F006         	goto	u2310
  5036  000C68                     u2311:
  5037  000C68  EF37  F006         	goto	l2401
  5038  000C6C                     u2310:
  5039  000C6C  0636               	decf	___fladd@bexp^0,f,c
  5040  000C6E                     l2401:
  5041  000C6E  AE2A               	btfss	(___fladd@b+2)^0,7,c
  5042  000C70  EF3C  F006         	goto	u2321
  5043  000C74  EF3E  F006         	goto	u2320
  5044  000C78                     u2321:
  5045  000C78  EF14  F006         	goto	l2385
  5046  000C7C                     u2320:
  5047  000C7C                     l2403:
  5048  000C7C  0E00               	movlw	0
  5049  000C7E  6E35               	movwf	___fladd@aexp^0,c
  5050  000C80  AE37               	btfss	___fladd@grs^0,7,c
  5051  000C82  EF45  F006         	goto	u2331
  5052  000C86  EF47  F006         	goto	u2330
  5053  000C8A                     u2331:
  5054  000C8A  EF5F  F006         	goto	l922
  5055  000C8E                     u2330:
  5056  000C8E  C037  F030         	movff	___fladd@grs,??___fladd
  5057  000C92  0E7F               	movlw	127
  5058  000C94  1630               	andwf	??___fladd^0,f,c
  5059  000C96  B4D8               	btfsc	status,2,c
  5060  000C98  EF50  F006         	goto	u2341
  5061  000C9C  EF52  F006         	goto	u2340
  5062  000CA0                     u2341:
  5063  000CA0  EF56  F006         	goto	l923
  5064  000CA4                     u2340:
  5065  000CA4                     l2409:
  5066  000CA4  0E01               	movlw	1
  5067  000CA6  6E35               	movwf	___fladd@aexp^0,c
  5068  000CA8  EF5F  F006         	goto	l922
  5069  000CAC                     l923:
  5070  000CAC  A028               	btfss	___fladd@b^0,0,c
  5071  000CAE  EF5B  F006         	goto	u2351
  5072  000CB2  EF5D  F006         	goto	u2350
  5073  000CB6                     u2351:
  5074  000CB6  EF5F  F006         	goto	l922
  5075  000CBA                     u2350:
  5076  000CBA  EF52  F006         	goto	l2409
  5077  000CBE                     l922:
  5078  000CBE  5035               	movf	___fladd@aexp^0,w,c
  5079  000CC0  B4D8               	btfsc	status,2,c
  5080  000CC2  EF65  F006         	goto	u2361
  5081  000CC6  EF67  F006         	goto	u2360
  5082  000CCA                     u2361:
  5083  000CCA  EF92  F006         	goto	l2421
  5084  000CCE                     u2360:
  5085  000CCE  0E01               	movlw	1
  5086  000CD0  2628               	addwf	___fladd@b^0,f,c
  5087  000CD2  0E00               	movlw	0
  5088  000CD4  2229               	addwfc	(___fladd@b+1)^0,f,c
  5089  000CD6  222A               	addwfc	(___fladd@b+2)^0,f,c
  5090  000CD8  222B               	addwfc	(___fladd@b+3)^0,f,c
  5091  000CDA  A02B               	btfss	(___fladd@b+3)^0,0,c
  5092  000CDC  EF72  F006         	goto	u2371
  5093  000CE0  EF74  F006         	goto	u2370
  5094  000CE4                     u2371:
  5095  000CE4  EF92  F006         	goto	l2421
  5096  000CE8                     u2370:
  5097  000CE8  C028  F030         	movff	___fladd@b,??___fladd
  5098  000CEC  C029  F031         	movff	___fladd@b+1,??___fladd+1
  5099  000CF0  C02A  F032         	movff	___fladd@b+2,??___fladd+2
  5100  000CF4  C02B  F033         	movff	___fladd@b+3,??___fladd+3
  5101  000CF8  3433               	rlcf	(??___fladd+3)^0,w,c
  5102  000CFA  3233               	rrcf	(??___fladd+3)^0,f,c
  5103  000CFC  3232               	rrcf	(??___fladd+2)^0,f,c
  5104  000CFE  3231               	rrcf	(??___fladd+1)^0,f,c
  5105  000D00  3230               	rrcf	??___fladd^0,f,c
  5106  000D02  C030  F028         	movff	??___fladd,___fladd@b
  5107  000D06  C031  F029         	movff	??___fladd+1,___fladd@b+1
  5108  000D0A  C032  F02A         	movff	??___fladd+2,___fladd@b+2
  5109  000D0E  C033  F02B         	movff	??___fladd+3,___fladd@b+3
  5110  000D12  2836               	incf	___fladd@bexp^0,w,c
  5111  000D14  B4D8               	btfsc	status,2,c
  5112  000D16  EF8F  F006         	goto	u2381
  5113  000D1A  EF91  F006         	goto	u2380
  5114  000D1E                     u2381:
  5115  000D1E  EF92  F006         	goto	l2421
  5116  000D22                     u2380:
  5117  000D22  2A36               	incf	___fladd@bexp^0,f,c
  5118  000D24                     l2421:
  5119  000D24  2836               	incf	___fladd@bexp^0,w,c
  5120  000D26  B4D8               	btfsc	status,2,c
  5121  000D28  EF98  F006         	goto	u2391
  5122  000D2C  EF9A  F006         	goto	u2390
  5123  000D30                     u2391:
  5124  000D30  EFA2  F006         	goto	l2425
  5125  000D34                     u2390:
  5126  000D34  5036               	movf	___fladd@bexp^0,w,c
  5127  000D36  A4D8               	btfss	status,2,c
  5128  000D38  EFA0  F006         	goto	u2401
  5129  000D3C  EFA2  F006         	goto	u2400
  5130  000D40                     u2401:
  5131  000D40  EFB4  F006         	goto	l2429
  5132  000D44                     u2400:
  5133  000D44                     l2425:
  5134  000D44  0E00               	movlw	0
  5135  000D46  6E28               	movwf	___fladd@b^0,c
  5136  000D48  0E00               	movlw	0
  5137  000D4A  6E29               	movwf	(___fladd@b+1)^0,c
  5138  000D4C  0E00               	movlw	0
  5139  000D4E  6E2A               	movwf	(___fladd@b+2)^0,c
  5140  000D50  0E00               	movlw	0
  5141  000D52  6E2B               	movwf	(___fladd@b+3)^0,c
  5142  000D54  5036               	movf	___fladd@bexp^0,w,c
  5143  000D56  A4D8               	btfss	status,2,c
  5144  000D58  EFB0  F006         	goto	u2411
  5145  000D5C  EFB2  F006         	goto	u2410
  5146  000D60                     u2411:
  5147  000D60  EFB4  F006         	goto	l2429
  5148  000D64                     u2410:
  5149  000D64  0E00               	movlw	0
  5150  000D66  6E34               	movwf	___fladd@signs^0,c
  5151  000D68                     l2429:
  5152  000D68  A036               	btfss	___fladd@bexp^0,0,c
  5153  000D6A  EFB9  F006         	goto	u2421
  5154  000D6E  EFBB  F006         	goto	u2420
  5155  000D72                     u2421:
  5156  000D72  EFBE  F006         	goto	l2433
  5157  000D76                     u2420:
  5158  000D76  8E2A               	bsf	(___fladd@b+2)^0,7,c
  5159  000D78  EFBF  F006         	goto	l2435
  5160  000D7C                     l2433:
  5161  000D7C  9E2A               	bcf	(___fladd@b+2)^0,7,c
  5162  000D7E                     l2435:
  5163  000D7E  90D8               	bcf	status,0,c
  5164  000D80  3036               	rrcf	___fladd@bexp^0,w,c
  5165  000D82  6E2B               	movwf	(___fladd@b+3)^0,c
  5166  000D84  AE34               	btfss	___fladd@signs^0,7,c
  5167  000D86  EFC7  F006         	goto	u2431
  5168  000D8A  EFC9  F006         	goto	u2430
  5169  000D8E                     u2431:
  5170  000D8E  EFCA  F006         	goto	l2441
  5171  000D92                     u2430:
  5172  000D92  8E2B               	bsf	(___fladd@b+3)^0,7,c
  5173  000D94                     l2441:
  5174  000D94  C028  F028         	movff	___fladd@b,?___fladd
  5175  000D98  C029  F029         	movff	___fladd@b+1,?___fladd+1
  5176  000D9C  C02A  F02A         	movff	___fladd@b+2,?___fladd+2
  5177  000DA0  C02B  F02B         	movff	___fladd@b+3,?___fladd+3
  5178  000DA4                     l905:
  5179  000DA4  0012               	return		;funcret
  5180  000DA6                     __end_of___fladd:
  5181                           	callstack 0
  5182                           
  5183 ;; *************** function _LCD_DrawBigDigit *****************
  5184 ;; Defined at:
  5185 ;;		line 150 in file "LCD_BIGDigits.c"
  5186 ;; Parameters:    Size  Location     Type
  5187 ;;  digit           1    wreg     unsigned char 
  5188 ;;  xpos            1   18[COMRAM] unsigned char 
  5189 ;;  ypos            1   19[COMRAM] unsigned char 
  5190 ;; Auto vars:     Size  Location     Type
  5191 ;;  digit           1   22[COMRAM] unsigned char 
  5192 ;; Return value:  Size  Location     Type
  5193 ;;                  1    wreg      void 
  5194 ;; Registers used:
  5195 ;;		wreg, fsr2l, fsr2h, status,2, status,0, prodl, prodh, cstack
  5196 ;; Tracked objects:
  5197 ;;		On entry : 0/0
  5198 ;;		On exit  : 0/0
  5199 ;;		Unchanged: 0/0
  5200 ;; Data sizes:     COMRAM   BANK0   BANK1   BANK2   BANK3   BANK4   BANK5   BANK6   BANK7
  5201 ;;      Params:         2       0       0       0       0       0       0       0       0
  5202 ;;      Locals:         1       0       0       0       0       0       0       0       0
  5203 ;;      Temps:          2       0       0       0       0       0       0       0       0
  5204 ;;      Totals:         5       0       0       0       0       0       0       0       0
  5205 ;;Total ram usage:        5 bytes
  5206 ;; Hardware stack levels used: 1
  5207 ;; Hardware stack levels required when called: 3
  5208 ;; This function calls:
  5209 ;;		_LCD_Command
  5210 ;;		_LCD_putc
  5211 ;; This function is called by:
  5212 ;;		_DISPLAY_ShowFloatValue
  5213 ;; This function uses a non-reentrant model
  5214 ;;
  5215                           
  5216                           	psect	text21
  5217  001674                     __ptext21:
  5218                           	callstack 0
  5219  001674                     _LCD_DrawBigDigit:
  5220                           	callstack 26
  5221                           
  5222                           ;incstack = 0
  5223                           ;LCD_DrawBigDigit@digit stored from wreg
  5224  001674  6E17               	movwf	LCD_DrawBigDigit@digit^0,c
  5225  001676                     
  5226                           ;LCD_BIGDigits.c: 151:     if (digit > 9 || current_digits == ((void*)0)) return;
  5227  001676  0E0A               	movlw	10
  5228  001678  6017               	cpfslt	LCD_DrawBigDigit@digit^0,c
  5229  00167A  EF41  F00B         	goto	u1771
  5230  00167E  EF43  F00B         	goto	u1770
  5231  001682                     u1771:
  5232  001682  EF2C  F00C         	goto	l39
  5233  001686                     u1770:
  5234  001686  505C               	movf	_current_digits^0,w,c
  5235  001688  105D               	iorwf	(_current_digits+1)^0,w,c
  5236  00168A  A4D8               	btfss	status,2,c
  5237  00168C  EF4A  F00B         	goto	u1781
  5238  001690  EF4C  F00B         	goto	u1780
  5239  001694                     u1781:
  5240  001694  EF4E  F00B         	goto	l2099
  5241  001698                     u1780:
  5242  001698  EF2C  F00C         	goto	l39
  5243  00169C                     l2099:
  5244  00169C  5013               	movf	LCD_DrawBigDigit@xpos^0,w,c
  5245  00169E  A4D8               	btfss	status,2,c
  5246  0016A0  EF54  F00B         	goto	u1791
  5247  0016A4  EF56  F00B         	goto	u1790
  5248  0016A8                     u1791:
  5249  0016A8  EF5C  F00B         	goto	l2103
  5250  0016AC                     u1790:
  5251  0016AC  5014               	movf	LCD_DrawBigDigit@ypos^0,w,c
  5252  0016AE  0F80               	addlw	128
  5253  0016B0  EC36  F013         	call	_LCD_Command
  5254  0016B4  EF88  F00B         	goto	l2115
  5255  0016B8                     l2103:
  5256  0016B8  0413               	decf	LCD_DrawBigDigit@xpos^0,w,c
  5257  0016BA  A4D8               	btfss	status,2,c
  5258  0016BC  EF62  F00B         	goto	u1801
  5259  0016C0  EF64  F00B         	goto	u1800
  5260  0016C4                     u1801:
  5261  0016C4  EF6A  F00B         	goto	l2107
  5262  0016C8                     u1800:
  5263  0016C8  5014               	movf	LCD_DrawBigDigit@ypos^0,w,c
  5264  0016CA  0FC0               	addlw	192
  5265  0016CC  EC36  F013         	call	_LCD_Command
  5266  0016D0  EF88  F00B         	goto	l2115
  5267  0016D4                     l2107:
  5268  0016D4  0E02               	movlw	2
  5269  0016D6  1813               	xorwf	LCD_DrawBigDigit@xpos^0,w,c
  5270  0016D8  A4D8               	btfss	status,2,c
  5271  0016DA  EF71  F00B         	goto	u1811
  5272  0016DE  EF73  F00B         	goto	u1810
  5273  0016E2                     u1811:
  5274  0016E2  EF79  F00B         	goto	l2111
  5275  0016E6                     u1810:
  5276  0016E6  5014               	movf	LCD_DrawBigDigit@ypos^0,w,c
  5277  0016E8  0F94               	addlw	148
  5278  0016EA  EC36  F013         	call	_LCD_Command
  5279  0016EE  EF88  F00B         	goto	l2115
  5280  0016F2                     l2111:
  5281  0016F2  0E03               	movlw	3
  5282  0016F4  1813               	xorwf	LCD_DrawBigDigit@xpos^0,w,c
  5283  0016F6  A4D8               	btfss	status,2,c
  5284  0016F8  EF80  F00B         	goto	u1821
  5285  0016FC  EF82  F00B         	goto	u1820
  5286  001700                     u1821:
  5287  001700  EF88  F00B         	goto	l42
  5288  001704                     u1820:
  5289  001704  5014               	movf	LCD_DrawBigDigit@ypos^0,w,c
  5290  001706  0FD4               	addlw	212
  5291  001708  EC36  F013         	call	_LCD_Command
  5292  00170C  EF88  F00B         	goto	l2115
  5293  001710                     l42:
  5294  001710                     l2115:
  5295                           
  5296                           ;LCD_BIGDigits.c: 154:     LCD_putc(current_digits[digit][0]);
  5297  001710  5017               	movf	LCD_DrawBigDigit@digit^0,w,c
  5298  001712  0D04               	mullw	4
  5299  001714  006F FFCC  F015    	movff	prodl,??_LCD_DrawBigDigit
  5300  00171A  006F FFD0  F016    	movff	prodh,??_LCD_DrawBigDigit+1
  5301  001720  5015               	movf	??_LCD_DrawBigDigit^0,w,c
  5302  001722  245C               	addwf	_current_digits^0,w,c
  5303  001724  6ED9               	movwf	fsr2l,c
  5304  001726  5016               	movf	(??_LCD_DrawBigDigit+1)^0,w,c
  5305  001728  205D               	addwfc	(_current_digits+1)^0,w,c
  5306  00172A  6EDA               	movwf	fsr2h,c
  5307  00172C  50DF               	movf	indf2,w,c
  5308  00172E  EC58  F013         	call	_LCD_putc
  5309  001732                     
  5310                           ;LCD_BIGDigits.c: 155:     LCD_putc(current_digits[digit][1]);
  5311  001732  5017               	movf	LCD_DrawBigDigit@digit^0,w,c
  5312  001734  0D04               	mullw	4
  5313  001736  C05C  F015         	movff	_current_digits,??_LCD_DrawBigDigit
  5314  00173A  C05D  F016         	movff	_current_digits+1,??_LCD_DrawBigDigit+1
  5315  00173E  50F3               	movf	243,w,c
  5316  001740  2615               	addwf	??_LCD_DrawBigDigit^0,f,c
  5317  001742  50F4               	movf	244,w,c
  5318  001744  2216               	addwfc	(??_LCD_DrawBigDigit+1)^0,f,c
  5319  001746  0E01               	movlw	1
  5320  001748  2415               	addwf	??_LCD_DrawBigDigit^0,w,c
  5321  00174A  6ED9               	movwf	fsr2l,c
  5322  00174C  0E00               	movlw	0
  5323  00174E  2016               	addwfc	(??_LCD_DrawBigDigit+1)^0,w,c
  5324  001750  6EDA               	movwf	fsr2h,c
  5325  001752  50DF               	movf	indf2,w,c
  5326  001754  EC58  F013         	call	_LCD_putc
  5327  001758  5013               	movf	LCD_DrawBigDigit@xpos^0,w,c
  5328  00175A  6E15               	movwf	??_LCD_DrawBigDigit^0,c
  5329  00175C  6A16               	clrf	(??_LCD_DrawBigDigit+1)^0,c
  5330  00175E  0E01               	movlw	1
  5331  001760  2615               	addwf	??_LCD_DrawBigDigit^0,f,c
  5332  001762  0E00               	movlw	0
  5333  001764  2216               	addwfc	(??_LCD_DrawBigDigit+1)^0,f,c
  5334  001766  5015               	movf	??_LCD_DrawBigDigit^0,w,c
  5335  001768  1016               	iorwf	(??_LCD_DrawBigDigit+1)^0,w,c
  5336  00176A  A4D8               	btfss	status,2,c
  5337  00176C  EFBA  F00B         	goto	u1831
  5338  001770  EFBC  F00B         	goto	u1830
  5339  001774                     u1831:
  5340  001774  EFC2  F00B         	goto	l2123
  5341  001778                     u1830:
  5342  001778  5014               	movf	LCD_DrawBigDigit@ypos^0,w,c
  5343  00177A  0F80               	addlw	128
  5344  00177C  EC36  F013         	call	_LCD_Command
  5345  001780  EF06  F00C         	goto	l2135
  5346  001784                     l2123:
  5347  001784  5013               	movf	LCD_DrawBigDigit@xpos^0,w,c
  5348  001786  6E15               	movwf	??_LCD_DrawBigDigit^0,c
  5349  001788  6A16               	clrf	(??_LCD_DrawBigDigit+1)^0,c
  5350  00178A  0E01               	movlw	1
  5351  00178C  2615               	addwf	??_LCD_DrawBigDigit^0,f,c
  5352  00178E  0E00               	movlw	0
  5353  001790  2216               	addwfc	(??_LCD_DrawBigDigit+1)^0,f,c
  5354  001792  0415               	decf	??_LCD_DrawBigDigit^0,w,c
  5355  001794  1016               	iorwf	(??_LCD_DrawBigDigit+1)^0,w,c
  5356  001796  A4D8               	btfss	status,2,c
  5357  001798  EFD0  F00B         	goto	u1841
  5358  00179C  EFD2  F00B         	goto	u1840
  5359  0017A0                     u1841:
  5360  0017A0  EFD8  F00B         	goto	l2127
  5361  0017A4                     u1840:
  5362  0017A4  5014               	movf	LCD_DrawBigDigit@ypos^0,w,c
  5363  0017A6  0FC0               	addlw	192
  5364  0017A8  EC36  F013         	call	_LCD_Command
  5365  0017AC  EF06  F00C         	goto	l2135
  5366  0017B0                     l2127:
  5367  0017B0  5013               	movf	LCD_DrawBigDigit@xpos^0,w,c
  5368  0017B2  6E15               	movwf	??_LCD_DrawBigDigit^0,c
  5369  0017B4  6A16               	clrf	(??_LCD_DrawBigDigit+1)^0,c
  5370  0017B6  0E01               	movlw	1
  5371  0017B8  2615               	addwf	??_LCD_DrawBigDigit^0,f,c
  5372  0017BA  0E00               	movlw	0
  5373  0017BC  2216               	addwfc	(??_LCD_DrawBigDigit+1)^0,f,c
  5374  0017BE  0E02               	movlw	2
  5375  0017C0  1815               	xorwf	??_LCD_DrawBigDigit^0,w,c
  5376  0017C2  1016               	iorwf	(??_LCD_DrawBigDigit+1)^0,w,c
  5377  0017C4  A4D8               	btfss	status,2,c
  5378  0017C6  EFE7  F00B         	goto	u1851
  5379  0017CA  EFE9  F00B         	goto	u1850
  5380  0017CE                     u1851:
  5381  0017CE  EFEF  F00B         	goto	l2131
  5382  0017D2                     u1850:
  5383  0017D2  5014               	movf	LCD_DrawBigDigit@ypos^0,w,c
  5384  0017D4  0F94               	addlw	148
  5385  0017D6  EC36  F013         	call	_LCD_Command
  5386  0017DA  EF06  F00C         	goto	l2135
  5387  0017DE                     l2131:
  5388  0017DE  5013               	movf	LCD_DrawBigDigit@xpos^0,w,c
  5389  0017E0  6E15               	movwf	??_LCD_DrawBigDigit^0,c
  5390  0017E2  6A16               	clrf	(??_LCD_DrawBigDigit+1)^0,c
  5391  0017E4  0E01               	movlw	1
  5392  0017E6  2615               	addwf	??_LCD_DrawBigDigit^0,f,c
  5393  0017E8  0E00               	movlw	0
  5394  0017EA  2216               	addwfc	(??_LCD_DrawBigDigit+1)^0,f,c
  5395  0017EC  0E03               	movlw	3
  5396  0017EE  1815               	xorwf	??_LCD_DrawBigDigit^0,w,c
  5397  0017F0  1016               	iorwf	(??_LCD_DrawBigDigit+1)^0,w,c
  5398  0017F2  A4D8               	btfss	status,2,c
  5399  0017F4  EFFE  F00B         	goto	u1861
  5400  0017F8  EF00  F00C         	goto	u1860
  5401  0017FC                     u1861:
  5402  0017FC  EF06  F00C         	goto	l51
  5403  001800                     u1860:
  5404  001800  5014               	movf	LCD_DrawBigDigit@ypos^0,w,c
  5405  001802  0FD4               	addlw	212
  5406  001804  EC36  F013         	call	_LCD_Command
  5407  001808  EF06  F00C         	goto	l2135
  5408  00180C                     l51:
  5409  00180C                     l2135:
  5410                           
  5411                           ;LCD_BIGDigits.c: 158:     LCD_putc(current_digits[digit][2]);
  5412  00180C  5017               	movf	LCD_DrawBigDigit@digit^0,w,c
  5413  00180E  0D04               	mullw	4
  5414  001810  C05C  F015         	movff	_current_digits,??_LCD_DrawBigDigit
  5415  001814  C05D  F016         	movff	_current_digits+1,??_LCD_DrawBigDigit+1
  5416  001818  50F3               	movf	243,w,c
  5417  00181A  2615               	addwf	??_LCD_DrawBigDigit^0,f,c
  5418  00181C  50F4               	movf	244,w,c
  5419  00181E  2216               	addwfc	(??_LCD_DrawBigDigit+1)^0,f,c
  5420  001820  0E02               	movlw	2
  5421  001822  2415               	addwf	??_LCD_DrawBigDigit^0,w,c
  5422  001824  6ED9               	movwf	fsr2l,c
  5423  001826  0E00               	movlw	0
  5424  001828  2016               	addwfc	(??_LCD_DrawBigDigit+1)^0,w,c
  5425  00182A  6EDA               	movwf	fsr2h,c
  5426  00182C  50DF               	movf	indf2,w,c
  5427  00182E  EC58  F013         	call	_LCD_putc
  5428  001832                     
  5429                           ;LCD_BIGDigits.c: 159:     LCD_putc(current_digits[digit][3]);
  5430  001832  5017               	movf	LCD_DrawBigDigit@digit^0,w,c
  5431  001834  0D04               	mullw	4
  5432  001836  C05C  F015         	movff	_current_digits,??_LCD_DrawBigDigit
  5433  00183A  C05D  F016         	movff	_current_digits+1,??_LCD_DrawBigDigit+1
  5434  00183E  50F3               	movf	243,w,c
  5435  001840  2615               	addwf	??_LCD_DrawBigDigit^0,f,c
  5436  001842  50F4               	movf	244,w,c
  5437  001844  2216               	addwfc	(??_LCD_DrawBigDigit+1)^0,f,c
  5438  001846  0E03               	movlw	3
  5439  001848  2415               	addwf	??_LCD_DrawBigDigit^0,w,c
  5440  00184A  6ED9               	movwf	fsr2l,c
  5441  00184C  0E00               	movlw	0
  5442  00184E  2016               	addwfc	(??_LCD_DrawBigDigit+1)^0,w,c
  5443  001850  6EDA               	movwf	fsr2h,c
  5444  001852  50DF               	movf	indf2,w,c
  5445  001854  EC58  F013         	call	_LCD_putc
  5446  001858                     l39:
  5447  001858  0012               	return		;funcret
  5448  00185A                     __end_of_LCD_DrawBigDigit:
  5449                           	callstack 0
  5450                           
  5451 ;; *************** function _LCD_putc *****************
  5452 ;; Defined at:
  5453 ;;		line 125 in file "LiquidCrystalDisplay.c"
  5454 ;; Parameters:    Size  Location     Type
  5455 ;;  c               1    wreg     unsigned char 
  5456 ;; Auto vars:     Size  Location     Type
  5457 ;;  c               1   16[COMRAM] unsigned char 
  5458 ;; Return value:  Size  Location     Type
  5459 ;;                  1    wreg      void 
  5460 ;; Registers used:
  5461 ;;		wreg, fsr2l, fsr2h, status,2, status,0, cstack
  5462 ;; Tracked objects:
  5463 ;;		On entry : 0/0
  5464 ;;		On exit  : 0/0
  5465 ;;		Unchanged: 0/0
  5466 ;; Data sizes:     COMRAM   BANK0   BANK1   BANK2   BANK3   BANK4   BANK5   BANK6   BANK7
  5467 ;;      Params:         0       0       0       0       0       0       0       0       0
  5468 ;;      Locals:         1       0       0       0       0       0       0       0       0
  5469 ;;      Temps:          2       0       0       0       0       0       0       0       0
  5470 ;;      Totals:         3       0       0       0       0       0       0       0       0
  5471 ;;Total ram usage:        3 bytes
  5472 ;; Hardware stack levels used: 1
  5473 ;; Hardware stack levels required when called: 2
  5474 ;; This function calls:
  5475 ;;		_LCD_Write
  5476 ;; This function is called by:
  5477 ;;		_LCD_DrawBigDigit
  5478 ;;		_LCD_puts
  5479 ;;		_LCD_createChar
  5480 ;;		_DISPLAY_ShowFloatValue
  5481 ;;		_LCD_putrs
  5482 ;; This function uses a non-reentrant model
  5483 ;;
  5484                           
  5485                           	psect	text22
  5486  0026B0                     __ptext22:
  5487                           	callstack 0
  5488  0026B0                     _LCD_putc:
  5489                           	callstack 27
  5490                           
  5491                           ;incstack = 0
  5492                           ;LCD_putc@c stored from wreg
  5493  0026B0  6E11               	movwf	LCD_putc@c^0,c
  5494  0026B2                     
  5495                           ;LiquidCrystalDisplay.c: 126:     *(LCDisplay.PORT) |= 1 << LCDisplay.RS;
  5496  0026B2  C054  F00F         	movff	_LCDisplay+4,??_LCD_putc
  5497  0026B6  0E01               	movlw	1
  5498  0026B8  6E10               	movwf	(??_LCD_putc+1)^0,c
  5499  0026BA  2A0F               	incf	??_LCD_putc^0,f,c
  5500  0026BC  EF62  F013         	goto	u1734
  5501  0026C0                     u1735:
  5502  0026C0  90D8               	bcf	status,0,c
  5503  0026C2  3610               	rlcf	(??_LCD_putc+1)^0,f,c
  5504  0026C4                     u1734:
  5505  0026C4  2E0F               	decfsz	??_LCD_putc^0,f,c
  5506  0026C6  EF60  F013         	goto	u1735
  5507  0026CA  0060  F14B  FFD9   	movff	_LCDisplay+2,fsr2l
  5508  0026D0  0060  F14F  FFDA   	movff	_LCDisplay+3,fsr2h
  5509  0026D6  5010               	movf	(??_LCD_putc+1)^0,w,c
  5510  0026D8  12DF               	iorwf	indf2,f,c
  5511  0026DA                     
  5512                           ;LiquidCrystalDisplay.c: 127:     LCD_Write((c & 0xF0) >> 4);
  5513  0026DA  3811               	swapf	LCD_putc@c^0,w,c
  5514  0026DC  0B0F               	andlw	15
  5515  0026DE  0B0F               	andlw	15
  5516  0026E0  ECB8  F011         	call	_LCD_Write
  5517  0026E4                     
  5518                           ;LiquidCrystalDisplay.c: 128:     LCD_Write(c & 0x0F);
  5519  0026E4  5011               	movf	LCD_putc@c^0,w,c
  5520  0026E6  0B0F               	andlw	15
  5521  0026E8  ECB8  F011         	call	_LCD_Write
  5522  0026EC  0012               	return		;funcret
  5523  0026EE                     __end_of_LCD_putc:
  5524                           	callstack 0
  5525                           
  5526 ;; *************** function _LCD_Command *****************
  5527 ;; Defined at:
  5528 ;;		line 119 in file "LiquidCrystalDisplay.c"
  5529 ;; Parameters:    Size  Location     Type
  5530 ;;  cmd             1    wreg     unsigned char 
  5531 ;; Auto vars:     Size  Location     Type
  5532 ;;  cmd             1   17[COMRAM] unsigned char 
  5533 ;; Return value:  Size  Location     Type
  5534 ;;                  1    wreg      void 
  5535 ;; Registers used:
  5536 ;;		wreg, fsr2l, fsr2h, status,2, status,0, cstack
  5537 ;; Tracked objects:
  5538 ;;		On entry : 0/0
  5539 ;;		On exit  : 0/0
  5540 ;;		Unchanged: 0/0
  5541 ;; Data sizes:     COMRAM   BANK0   BANK1   BANK2   BANK3   BANK4   BANK5   BANK6   BANK7
  5542 ;;      Params:         0       0       0       0       0       0       0       0       0
  5543 ;;      Locals:         1       0       0       0       0       0       0       0       0
  5544 ;;      Temps:          3       0       0       0       0       0       0       0       0
  5545 ;;      Totals:         4       0       0       0       0       0       0       0       0
  5546 ;;Total ram usage:        4 bytes
  5547 ;; Hardware stack levels used: 1
  5548 ;; Hardware stack levels required when called: 2
  5549 ;; This function calls:
  5550 ;;		_LCD_Write
  5551 ;; This function is called by:
  5552 ;;		_LCD_DrawBigDigit
  5553 ;;		_LCD_Init
  5554 ;;		_LCD_createChar
  5555 ;;		_LCD_Initialize
  5556 ;;		_main
  5557 ;;		_DISPLAY_ShowFloatValue
  5558 ;; This function uses a non-reentrant model
  5559 ;;
  5560                           
  5561                           	psect	text23
  5562  00266C                     __ptext23:
  5563                           	callstack 0
  5564  00266C                     _LCD_Command:
  5565                           	callstack 25
  5566                           
  5567                           ;incstack = 0
  5568                           ;LCD_Command@cmd stored from wreg
  5569  00266C  6E12               	movwf	LCD_Command@cmd^0,c
  5570  00266E                     
  5571                           ;LiquidCrystalDisplay.c: 120:     *(LCDisplay.PORT) &= ~(1 << LCDisplay.RS);
  5572  00266E  C054  F00F         	movff	_LCDisplay+4,??_LCD_Command
  5573  002672  0E01               	movlw	1
  5574  002674  6E10               	movwf	(??_LCD_Command+1)^0,c
  5575  002676  2A0F               	incf	??_LCD_Command^0,f,c
  5576  002678  EF40  F013         	goto	u1724
  5577  00267C                     u1725:
  5578  00267C  90D8               	bcf	status,0,c
  5579  00267E  3610               	rlcf	(??_LCD_Command+1)^0,f,c
  5580  002680                     u1724:
  5581  002680  2E0F               	decfsz	??_LCD_Command^0,f,c
  5582  002682  EF3E  F013         	goto	u1725
  5583  002686  5010               	movf	(??_LCD_Command+1)^0,w,c
  5584  002688  0AFF               	xorlw	255
  5585  00268A  6E11               	movwf	(??_LCD_Command+2)^0,c
  5586  00268C  0060  F14B  FFD9   	movff	_LCDisplay+2,fsr2l
  5587  002692  0060  F14F  FFDA   	movff	_LCDisplay+3,fsr2h
  5588  002698  5011               	movf	(??_LCD_Command+2)^0,w,c
  5589  00269A  16DF               	andwf	indf2,f,c
  5590  00269C                     
  5591                           ;LiquidCrystalDisplay.c: 121:     LCD_Write((cmd & 0xF0) >> 4);
  5592  00269C  3812               	swapf	LCD_Command@cmd^0,w,c
  5593  00269E  0B0F               	andlw	15
  5594  0026A0  0B0F               	andlw	15
  5595  0026A2  ECB8  F011         	call	_LCD_Write
  5596  0026A6                     
  5597                           ;LiquidCrystalDisplay.c: 122:     LCD_Write(cmd & 0x0F);
  5598  0026A6  5012               	movf	LCD_Command@cmd^0,w,c
  5599  0026A8  0B0F               	andlw	15
  5600  0026AA  ECB8  F011         	call	_LCD_Write
  5601  0026AE  0012               	return		;funcret
  5602  0026B0                     __end_of_LCD_Command:
  5603                           	callstack 0
  5604                           
  5605 ;; *************** function _LCD_Write *****************
  5606 ;; Defined at:
  5607 ;;		line 112 in file "LiquidCrystalDisplay.c"
  5608 ;; Parameters:    Size  Location     Type
  5609 ;;  data            1    wreg     unsigned char 
  5610 ;; Auto vars:     Size  Location     Type
  5611 ;;  data            1   13[COMRAM] unsigned char 
  5612 ;; Return value:  Size  Location     Type
  5613 ;;                  1    wreg      void 
  5614 ;; Registers used:
  5615 ;;		wreg, fsr2l, fsr2h, status,2, status,0, cstack
  5616 ;; Tracked objects:
  5617 ;;		On entry : 0/0
  5618 ;;		On exit  : 0/0
  5619 ;;		Unchanged: 0/0
  5620 ;; Data sizes:     COMRAM   BANK0   BANK1   BANK2   BANK3   BANK4   BANK5   BANK6   BANK7
  5621 ;;      Params:         0       0       0       0       0       0       0       0       0
  5622 ;;      Locals:         1       0       0       0       0       0       0       0       0
  5623 ;;      Temps:          3       0       0       0       0       0       0       0       0
  5624 ;;      Totals:         4       0       0       0       0       0       0       0       0
  5625 ;;Total ram usage:        4 bytes
  5626 ;; Hardware stack levels used: 1
  5627 ;; Hardware stack levels required when called: 1
  5628 ;; This function calls:
  5629 ;;		_LCD_Out
  5630 ;; This function is called by:
  5631 ;;		_LCD_Init
  5632 ;;		_LCD_Command
  5633 ;;		_LCD_putc
  5634 ;; This function uses a non-reentrant model
  5635 ;;
  5636                           
  5637                           	psect	text24
  5638  002370                     __ptext24:
  5639                           	callstack 0
  5640  002370                     _LCD_Write:
  5641                           	callstack 27
  5642                           
  5643                           ;incstack = 0
  5644                           ;LCD_Write@data stored from wreg
  5645  002370  6E0E               	movwf	LCD_Write@data^0,c
  5646  002372                     
  5647                           ;LiquidCrystalDisplay.c: 113:     LCD_Out(data);
  5648  002372  500E               	movf	LCD_Write@data^0,w,c
  5649  002374  ECF3  F00D         	call	_LCD_Out
  5650  002378                     
  5651                           ;LiquidCrystalDisplay.c: 114:     *(LCDisplay.PORT) |= 1 << LCDisplay.EN;
  5652  002378  C055  F00B         	movff	_LCDisplay+5,??_LCD_Write
  5653  00237C  0E01               	movlw	1
  5654  00237E  6E0C               	movwf	(??_LCD_Write+1)^0,c
  5655  002380  2A0B               	incf	??_LCD_Write^0,f,c
  5656  002382  EFC5  F011         	goto	u1704
  5657  002386                     u1705:
  5658  002386  90D8               	bcf	status,0,c
  5659  002388  360C               	rlcf	(??_LCD_Write+1)^0,f,c
  5660  00238A                     u1704:
  5661  00238A  2E0B               	decfsz	??_LCD_Write^0,f,c
  5662  00238C  EFC3  F011         	goto	u1705
  5663  002390  0060  F14B  FFD9   	movff	_LCDisplay+2,fsr2l
  5664  002396  0060  F14F  FFDA   	movff	_LCDisplay+3,fsr2h
  5665  00239C  500C               	movf	(??_LCD_Write+1)^0,w,c
  5666  00239E  12DF               	iorwf	indf2,f,c
  5667  0023A0                     
  5668                           ;LiquidCrystalDisplay.c: 115:     _delay((unsigned long)((4)*(16000000/4000.0)));
  5669  0023A0  0E15               	movlw	21
  5670  0023A2  6E0B               	movwf	??_LCD_Write^0,c
  5671  0023A4  0EC6               	movlw	198
  5672  0023A6                     u3207:
  5673  0023A6  2EE8               	decfsz	wreg,f,c
  5674  0023A8  D7FE               	bra	u3207
  5675  0023AA  2E0B               	decfsz	??_LCD_Write^0,f,c
  5676  0023AC  D7FC               	bra	u3207
  5677  0023AE  D000               	nop2	
  5678  0023B0                     
  5679                           ;LiquidCrystalDisplay.c: 116:     *(LCDisplay.PORT) &= ~(1 << LCDisplay.EN);
  5680  0023B0  C055  F00B         	movff	_LCDisplay+5,??_LCD_Write
  5681  0023B4  0E01               	movlw	1
  5682  0023B6  6E0C               	movwf	(??_LCD_Write+1)^0,c
  5683  0023B8  2A0B               	incf	??_LCD_Write^0,f,c
  5684  0023BA  EFE1  F011         	goto	u1714
  5685  0023BE                     u1715:
  5686  0023BE  90D8               	bcf	status,0,c
  5687  0023C0  360C               	rlcf	(??_LCD_Write+1)^0,f,c
  5688  0023C2                     u1714:
  5689  0023C2  2E0B               	decfsz	??_LCD_Write^0,f,c
  5690  0023C4  EFDF  F011         	goto	u1715
  5691  0023C8  500C               	movf	(??_LCD_Write+1)^0,w,c
  5692  0023CA  0AFF               	xorlw	255
  5693  0023CC  6E0D               	movwf	(??_LCD_Write+2)^0,c
  5694  0023CE  0060  F14B  FFD9   	movff	_LCDisplay+2,fsr2l
  5695  0023D4  0060  F14F  FFDA   	movff	_LCDisplay+3,fsr2h
  5696  0023DA  500D               	movf	(??_LCD_Write+2)^0,w,c
  5697  0023DC  16DF               	andwf	indf2,f,c
  5698  0023DE  0012               	return		;funcret
  5699  0023E0                     __end_of_LCD_Write:
  5700                           	callstack 0
  5701                           
  5702 ;; *************** function _LCD_Out *****************
  5703 ;; Defined at:
  5704 ;;		line 102 in file "LiquidCrystalDisplay.c"
  5705 ;; Parameters:    Size  Location     Type
  5706 ;;  c               1    wreg     unsigned char 
  5707 ;; Auto vars:     Size  Location     Type
  5708 ;;  c               1    9[COMRAM] unsigned char 
  5709 ;; Return value:  Size  Location     Type
  5710 ;;                  1    wreg      void 
  5711 ;; Registers used:
  5712 ;;		wreg, fsr2l, fsr2h, status,2, status,0
  5713 ;; Tracked objects:
  5714 ;;		On entry : 0/0
  5715 ;;		On exit  : 0/0
  5716 ;;		Unchanged: 0/0
  5717 ;; Data sizes:     COMRAM   BANK0   BANK1   BANK2   BANK3   BANK4   BANK5   BANK6   BANK7
  5718 ;;      Params:         0       0       0       0       0       0       0       0       0
  5719 ;;      Locals:         1       0       0       0       0       0       0       0       0
  5720 ;;      Temps:          9       0       0       0       0       0       0       0       0
  5721 ;;      Totals:        10       0       0       0       0       0       0       0       0
  5722 ;;Total ram usage:       10 bytes
  5723 ;; Hardware stack levels used: 1
  5724 ;; This function calls:
  5725 ;;		Nothing
  5726 ;; This function is called by:
  5727 ;;		_LCD_Write
  5728 ;; This function uses a non-reentrant model
  5729 ;;
  5730                           
  5731                           	psect	text25
  5732  001BE6                     __ptext25:
  5733                           	callstack 0
  5734  001BE6                     _LCD_Out:
  5735                           	callstack 27
  5736                           
  5737                           ;incstack = 0
  5738                           ;LCD_Out@c stored from wreg
  5739  001BE6  6E0A               	movwf	LCD_Out@c^0,c
  5740  001BE8                     
  5741                           ;LiquidCrystalDisplay.c: 104:     *(LCDisplay.PORT) &= ~((1 << LCDisplay.D4) | (1 << LCD
      +                          isplay.D5) | (1 << LCDisplay.D6) | (1 << LCDisplay.D7));
  5742  001BE8  C059  F001         	movff	_LCDisplay+9,??_LCD_Out
  5743  001BEC  0E01               	movlw	1
  5744  001BEE  6E02               	movwf	(??_LCD_Out+1)^0,c
  5745  001BF0  2A01               	incf	??_LCD_Out^0,f,c
  5746  001BF2  EFFD  F00D         	goto	u1584
  5747  001BF6                     u1585:
  5748  001BF6  90D8               	bcf	status,0,c
  5749  001BF8  3602               	rlcf	(??_LCD_Out+1)^0,f,c
  5750  001BFA                     u1584:
  5751  001BFA  2E01               	decfsz	??_LCD_Out^0,f,c
  5752  001BFC  EFFB  F00D         	goto	u1585
  5753  001C00  C058  F003         	movff	_LCDisplay+8,??_LCD_Out+2
  5754  001C04  0E01               	movlw	1
  5755  001C06  6E04               	movwf	(??_LCD_Out+3)^0,c
  5756  001C08  2A03               	incf	(??_LCD_Out+2)^0,f,c
  5757  001C0A  EF09  F00E         	goto	u1594
  5758  001C0E                     u1595:
  5759  001C0E  90D8               	bcf	status,0,c
  5760  001C10  3604               	rlcf	(??_LCD_Out+3)^0,f,c
  5761  001C12                     u1594:
  5762  001C12  2E03               	decfsz	(??_LCD_Out+2)^0,f,c
  5763  001C14  EF07  F00E         	goto	u1595
  5764  001C18  C057  F005         	movff	_LCDisplay+7,??_LCD_Out+4
  5765  001C1C  0E01               	movlw	1
  5766  001C1E  6E06               	movwf	(??_LCD_Out+5)^0,c
  5767  001C20  2A05               	incf	(??_LCD_Out+4)^0,f,c
  5768  001C22  EF15  F00E         	goto	u1604
  5769  001C26                     u1605:
  5770  001C26  90D8               	bcf	status,0,c
  5771  001C28  3606               	rlcf	(??_LCD_Out+5)^0,f,c
  5772  001C2A                     u1604:
  5773  001C2A  2E05               	decfsz	(??_LCD_Out+4)^0,f,c
  5774  001C2C  EF13  F00E         	goto	u1605
  5775  001C30  C056  F007         	movff	_LCDisplay+6,??_LCD_Out+6
  5776  001C34  0E01               	movlw	1
  5777  001C36  6E08               	movwf	(??_LCD_Out+7)^0,c
  5778  001C38  2A07               	incf	(??_LCD_Out+6)^0,f,c
  5779  001C3A  EF21  F00E         	goto	u1614
  5780  001C3E                     u1615:
  5781  001C3E  90D8               	bcf	status,0,c
  5782  001C40  3608               	rlcf	(??_LCD_Out+7)^0,f,c
  5783  001C42                     u1614:
  5784  001C42  2E07               	decfsz	(??_LCD_Out+6)^0,f,c
  5785  001C44  EF1F  F00E         	goto	u1615
  5786  001C48  5008               	movf	(??_LCD_Out+7)^0,w,c
  5787  001C4A  1006               	iorwf	(??_LCD_Out+5)^0,w,c
  5788  001C4C  1004               	iorwf	(??_LCD_Out+3)^0,w,c
  5789  001C4E  1002               	iorwf	(??_LCD_Out+1)^0,w,c
  5790  001C50  0AFF               	xorlw	255
  5791  001C52  6E09               	movwf	(??_LCD_Out+8)^0,c
  5792  001C54  0060  F14B  FFD9   	movff	_LCDisplay+2,fsr2l
  5793  001C5A  0060  F14F  FFDA   	movff	_LCDisplay+3,fsr2h
  5794  001C60  5009               	movf	(??_LCD_Out+8)^0,w,c
  5795  001C62  16DF               	andwf	indf2,f,c
  5796  001C64                     
  5797                           ;LiquidCrystalDisplay.c: 106:     if(c & 1) *(LCDisplay.PORT) |= 1 << LCDisplay.D4;
  5798  001C64  A00A               	btfss	LCD_Out@c^0,0,c
  5799  001C66  EF37  F00E         	goto	u1621
  5800  001C6A  EF39  F00E         	goto	u1620
  5801  001C6E                     u1621:
  5802  001C6E  EF4D  F00E         	goto	l2007
  5803  001C72                     u1620:
  5804  001C72  C056  F001         	movff	_LCDisplay+6,??_LCD_Out
  5805  001C76  0E01               	movlw	1
  5806  001C78  6E02               	movwf	(??_LCD_Out+1)^0,c
  5807  001C7A  2A01               	incf	??_LCD_Out^0,f,c
  5808  001C7C  EF42  F00E         	goto	u1634
  5809  001C80                     u1635:
  5810  001C80  90D8               	bcf	status,0,c
  5811  001C82  3602               	rlcf	(??_LCD_Out+1)^0,f,c
  5812  001C84                     u1634:
  5813  001C84  2E01               	decfsz	??_LCD_Out^0,f,c
  5814  001C86  EF40  F00E         	goto	u1635
  5815  001C8A  0060  F14B  FFD9   	movff	_LCDisplay+2,fsr2l
  5816  001C90  0060  F14F  FFDA   	movff	_LCDisplay+3,fsr2h
  5817  001C96  5002               	movf	(??_LCD_Out+1)^0,w,c
  5818  001C98  12DF               	iorwf	indf2,f,c
  5819  001C9A                     l2007:
  5820                           
  5821                           ;LiquidCrystalDisplay.c: 107:     if(c & 2) *(LCDisplay.PORT) |= 1 << LCDisplay.D5;
  5822  001C9A  A20A               	btfss	LCD_Out@c^0,1,c
  5823  001C9C  EF52  F00E         	goto	u1641
  5824  001CA0  EF54  F00E         	goto	u1640
  5825  001CA4                     u1641:
  5826  001CA4  EF68  F00E         	goto	l2011
  5827  001CA8                     u1640:
  5828  001CA8  C057  F001         	movff	_LCDisplay+7,??_LCD_Out
  5829  001CAC  0E01               	movlw	1
  5830  001CAE  6E02               	movwf	(??_LCD_Out+1)^0,c
  5831  001CB0  2A01               	incf	??_LCD_Out^0,f,c
  5832  001CB2  EF5D  F00E         	goto	u1654
  5833  001CB6                     u1655:
  5834  001CB6  90D8               	bcf	status,0,c
  5835  001CB8  3602               	rlcf	(??_LCD_Out+1)^0,f,c
  5836  001CBA                     u1654:
  5837  001CBA  2E01               	decfsz	??_LCD_Out^0,f,c
  5838  001CBC  EF5B  F00E         	goto	u1655
  5839  001CC0  0060  F14B  FFD9   	movff	_LCDisplay+2,fsr2l
  5840  001CC6  0060  F14F  FFDA   	movff	_LCDisplay+3,fsr2h
  5841  001CCC  5002               	movf	(??_LCD_Out+1)^0,w,c
  5842  001CCE  12DF               	iorwf	indf2,f,c
  5843  001CD0                     l2011:
  5844                           
  5845                           ;LiquidCrystalDisplay.c: 108:     if(c & 4) *(LCDisplay.PORT) |= 1 << LCDisplay.D6;
  5846  001CD0  A40A               	btfss	LCD_Out@c^0,2,c
  5847  001CD2  EF6D  F00E         	goto	u1661
  5848  001CD6  EF6F  F00E         	goto	u1660
  5849  001CDA                     u1661:
  5850  001CDA  EF83  F00E         	goto	l2015
  5851  001CDE                     u1660:
  5852  001CDE  C058  F001         	movff	_LCDisplay+8,??_LCD_Out
  5853  001CE2  0E01               	movlw	1
  5854  001CE4  6E02               	movwf	(??_LCD_Out+1)^0,c
  5855  001CE6  2A01               	incf	??_LCD_Out^0,f,c
  5856  001CE8  EF78  F00E         	goto	u1674
  5857  001CEC                     u1675:
  5858  001CEC  90D8               	bcf	status,0,c
  5859  001CEE  3602               	rlcf	(??_LCD_Out+1)^0,f,c
  5860  001CF0                     u1674:
  5861  001CF0  2E01               	decfsz	??_LCD_Out^0,f,c
  5862  001CF2  EF76  F00E         	goto	u1675
  5863  001CF6  0060  F14B  FFD9   	movff	_LCDisplay+2,fsr2l
  5864  001CFC  0060  F14F  FFDA   	movff	_LCDisplay+3,fsr2h
  5865  001D02  5002               	movf	(??_LCD_Out+1)^0,w,c
  5866  001D04  12DF               	iorwf	indf2,f,c
  5867  001D06                     l2015:
  5868                           
  5869                           ;LiquidCrystalDisplay.c: 109:     if(c & 8) *(LCDisplay.PORT) |= 1 << LCDisplay.D7;
  5870  001D06  A60A               	btfss	LCD_Out@c^0,3,c
  5871  001D08  EF88  F00E         	goto	u1681
  5872  001D0C  EF8A  F00E         	goto	u1680
  5873  001D10                     u1681:
  5874  001D10  EF9E  F00E         	goto	l100
  5875  001D14                     u1680:
  5876  001D14  C059  F001         	movff	_LCDisplay+9,??_LCD_Out
  5877  001D18  0E01               	movlw	1
  5878  001D1A  6E02               	movwf	(??_LCD_Out+1)^0,c
  5879  001D1C  2A01               	incf	??_LCD_Out^0,f,c
  5880  001D1E  EF93  F00E         	goto	u1694
  5881  001D22                     u1695:
  5882  001D22  90D8               	bcf	status,0,c
  5883  001D24  3602               	rlcf	(??_LCD_Out+1)^0,f,c
  5884  001D26                     u1694:
  5885  001D26  2E01               	decfsz	??_LCD_Out^0,f,c
  5886  001D28  EF91  F00E         	goto	u1695
  5887  001D2C  0060  F14B  FFD9   	movff	_LCDisplay+2,fsr2l
  5888  001D32  0060  F14F  FFDA   	movff	_LCDisplay+3,fsr2h
  5889  001D38  5002               	movf	(??_LCD_Out+1)^0,w,c
  5890  001D3A  12DF               	iorwf	indf2,f,c
  5891  001D3C                     l100:
  5892  001D3C  0012               	return		;funcret
  5893  001D3E                     __end_of_LCD_Out:
  5894                           	callstack 0
  5895                           
  5896 ;; *************** function _ADC_GetSingleConversion *****************
  5897 ;; Defined at:
  5898 ;;		line 78 in file "adc.c"
  5899 ;; Parameters:    Size  Location     Type
  5900 ;;  channel         1    wreg     unsigned char 
  5901 ;; Auto vars:     Size  Location     Type
  5902 ;;  channel         1    4[COMRAM] unsigned char 
  5903 ;; Return value:  Size  Location     Type
  5904 ;;                  2    0[COMRAM] unsigned short 
  5905 ;; Registers used:
  5906 ;;		wreg, status,2, status,0
  5907 ;; Tracked objects:
  5908 ;;		On entry : 0/0
  5909 ;;		On exit  : 0/0
  5910 ;;		Unchanged: 0/0
  5911 ;; Data sizes:     COMRAM   BANK0   BANK1   BANK2   BANK3   BANK4   BANK5   BANK6   BANK7
  5912 ;;      Params:         2       0       0       0       0       0       0       0       0
  5913 ;;      Locals:         1       0       0       0       0       0       0       0       0
  5914 ;;      Temps:          2       0       0       0       0       0       0       0       0
  5915 ;;      Totals:         5       0       0       0       0       0       0       0       0
  5916 ;;Total ram usage:        5 bytes
  5917 ;; Hardware stack levels used: 1
  5918 ;; This function calls:
  5919 ;;		Nothing
  5920 ;; This function is called by:
  5921 ;;		_main
  5922 ;; This function uses a non-reentrant model
  5923 ;;
  5924                           
  5925                           	psect	text26
  5926  002722                     __ptext26:
  5927                           	callstack 0
  5928  002722                     _ADC_GetSingleConversion:
  5929                           	callstack 30
  5930                           
  5931                           ;incstack = 0
  5932                           ;ADC_GetSingleConversion@channel stored from wreg
  5933  002722  6E05               	movwf	ADC_GetSingleConversion@channel^0,c
  5934  002724                     
  5935                           ;adc.c: 79:     ADPCH = channel;
  5936  002724  0060  F017  FEF1   	movff	ADC_GetSingleConversion@channel,16113	;volatile
  5937  00272A                     
  5938                           ;adc.c: 83:     ADCON0bits.ON = 1;
  5939  00272A  013E               	movlb	62	; () banked
  5940  00272C  8FF8               	bsf	248,7,b	;volatile
  5941  00272E                     
  5942                           ; BSR set to: 62
  5943                           ;adc.c: 86:     ADCON0bits.CONT = 0;
  5944  00272E  9DF8               	bcf	248,6,b	;volatile
  5945  002730                     
  5946                           ; BSR set to: 62
  5947                           ;adc.c: 89:     ADCON0bits.GO = 1;
  5948  002730  81F8               	bsf	248,0,b	;volatile
  5949  002732                     l184:
  5950                           
  5951                           ; BSR set to: 62
  5952  002732  B1F8               	btfsc	248,0,b	;volatile
  5953  002734  EF9E  F013         	goto	u2881
  5954  002738  EFA0  F013         	goto	u2880
  5955  00273C                     u2881:
  5956  00273C  EF99  F013         	goto	l184
  5957  002740                     u2880:
  5958  002740                     
  5959                           ; BSR set to: 62
  5960                           ;adc.c: 95:     return ((uint16_t)((ADRESH << 8) + ADRESL));
  5961  002740  51F0               	movf	240,w,b	;volatile
  5962  002742  6E04               	movwf	(??_ADC_GetSingleConversion+1)^0,c
  5963  002744  6A03               	clrf	??_ADC_GetSingleConversion^0,c
  5964  002746  51EF               	movf	239,w,b	;volatile
  5965  002748  2403               	addwf	??_ADC_GetSingleConversion^0,w,c
  5966  00274A  6E01               	movwf	?_ADC_GetSingleConversion^0,c
  5967  00274C  0E00               	movlw	0
  5968  00274E  2004               	addwfc	(??_ADC_GetSingleConversion+1)^0,w,c
  5969  002750  6E02               	movwf	(?_ADC_GetSingleConversion+1)^0,c
  5970  002752                     
  5971                           ; BSR set to: 62
  5972  002752  0012               	return		;funcret
  5973  002754                     __end_of_ADC_GetSingleConversion:
  5974                           	callstack 0
  5975                           
  5976                           	psect	rparam
  5977  0000                     
  5978                           	psect	idloc
  5979                           
  5980                           ;Config register IDLOC0 @ 0x200000
  5981                           ;	unspecified, using default values
  5982  200000                     	org	2097152
  5983  200000  0FFF               	dw	4095
  5984                           
  5985                           ;Config register IDLOC1 @ 0x200002
  5986                           ;	unspecified, using default values
  5987  200002                     	org	2097154
  5988  200002  0FFF               	dw	4095
  5989                           
  5990                           ;Config register IDLOC2 @ 0x200004
  5991                           ;	unspecified, using default values
  5992  200004                     	org	2097156
  5993  200004  0FFF               	dw	4095
  5994                           
  5995                           ;Config register IDLOC3 @ 0x200006
  5996                           ;	unspecified, using default values
  5997  200006                     	org	2097158
  5998  200006  0FFF               	dw	4095
  5999                           
  6000                           ;Config register IDLOC4 @ 0x200008
  6001                           ;	unspecified, using default values
  6002  200008                     	org	2097160
  6003  200008  0FFF               	dw	4095
  6004                           
  6005                           ;Config register IDLOC5 @ 0x20000A
  6006                           ;	unspecified, using default values
  6007  20000A                     	org	2097162
  6008  20000A  0FFF               	dw	4095
  6009                           
  6010                           ;Config register IDLOC6 @ 0x20000C
  6011                           ;	unspecified, using default values
  6012  20000C                     	org	2097164
  6013  20000C  0FFF               	dw	4095
  6014                           
  6015                           ;Config register IDLOC7 @ 0x20000E
  6016                           ;	unspecified, using default values
  6017  20000E                     	org	2097166
  6018  20000E  0FFF               	dw	4095
  6019                           
  6020                           	psect	config
  6021                           
  6022                           ;Config register CONFIG1L @ 0x300000
  6023                           ;	External Oscillator Selection
  6024                           ;	FEXTOSC = OFF, Oscillator not enabled
  6025                           ;	Reset Oscillator Selection
  6026                           ;	RSTOSC = HFINTOSC_1MHZ, HFINTOSC with HFFRQ = 4 MHz and CDIV = 4:1
  6027  300000                     	org	3145728
  6028  300000  EC                 	db	236
  6029                           
  6030                           ;Config register CONFIG1H @ 0x300001
  6031                           ;	Clock out Enable bit
  6032                           ;	CLKOUTEN = OFF, CLKOUT function is disabled
  6033                           ;	PRLOCKED One-Way Set Enable bit
  6034                           ;	PR1WAY = OFF, PRLOCK bit can be set and cleared repeatedly
  6035                           ;	Clock Switch Enable bit
  6036                           ;	CSWEN = ON, Writing to NOSC and NDIV is allowed
  6037                           ;	Fail-Safe Clock Monitor Enable bit
  6038                           ;	FCMEN = ON, Fail-Safe Clock Monitor enabled
  6039  300001                     	org	3145729
  6040  300001  FD                 	db	253
  6041                           
  6042                           ;Config register CONFIG2L @ 0x300002
  6043                           ;	MCLR Enable bit
  6044                           ;	MCLRE = EXTMCLR, If LVP = 0, MCLR pin is MCLR; If LVP = 1, RE3 pin function is MCLR
  6045                           ;	Power-up timer selection bits
  6046                           ;	PWRTS = PWRT_OFF, PWRT is disabled
  6047                           ;	Multi-vector enable bit
  6048                           ;	MVECEN = OFF, Interrupt contoller does not use vector table to prioritze interrupts
  6049                           ;	IVTLOCK bit One-way set enable bit
  6050                           ;	IVT1WAY = OFF, IVTLOCK bit can be cleared and set repeatedly
  6051                           ;	Low Power BOR Enable bit
  6052                           ;	LPBOREN = OFF, ULPBOR disabled
  6053                           ;	Brown-out Reset Enable bits
  6054                           ;	BOREN = OFF, Brown-out Reset disabled
  6055  300002                     	org	3145730
  6056  300002  27                 	db	39
  6057                           
  6058                           ;Config register CONFIG2H @ 0x300003
  6059                           ;	Brown-out Reset Voltage Selection bits
  6060                           ;	BORV = VBOR_2P45, Brown-out Reset Voltage (VBOR) set to 2.45V
  6061                           ;	ZCD Disable bit
  6062                           ;	ZCD = OFF, ZCD disabled. ZCD can be enabled by setting the ZCDSEN bit of ZCDCON
  6063                           ;	PPSLOCK bit One-Way Set Enable bit
  6064                           ;	PPS1WAY = ON, PPSLOCK bit can be cleared and set only once; PPS registers remain locke
      +                          d after one clear/set cycle
  6065                           ;	Stack Full/Underflow Reset Enable bit
  6066                           ;	STVREN = ON, Stack full/underflow will cause Reset
  6067                           ;	Debugger Enable bit
  6068                           ;	DEBUG = OFF, Background debugger disabled
  6069                           ;	Extended Instruction Set Enable bit
  6070                           ;	XINST = OFF, Extended Instruction Set and Indexed Addressing Mode disabled
  6071  300003                     	org	3145731
  6072  300003  FF                 	db	255
  6073                           
  6074                           ;Config register CONFIG3L @ 0x300004
  6075                           ;	WDT Period selection bits
  6076                           ;	WDTCPS = WDTCPS_31, Divider ratio 1:65536; software control of WDTPS
  6077                           ;	WDT operating mode
  6078                           ;	WDTE = OFF, WDT Disabled; SWDTEN is ignored
  6079  300004                     	org	3145732
  6080  300004  9F                 	db	159
  6081                           
  6082                           ;Config register CONFIG3H @ 0x300005
  6083                           ;	WDT Window Select bits
  6084                           ;	WDTCWS = WDTCWS_7, window always open (100%); software control; keyed access not requi
      +                          red
  6085                           ;	WDT input clock selector
  6086                           ;	WDTCCS = SC, Software Control
  6087  300005                     	org	3145733
  6088  300005  FF                 	db	255
  6089                           
  6090                           ;Config register CONFIG4L @ 0x300006
  6091                           ;	Boot Block Size selection bits
  6092                           ;	BBSIZE = BBSIZE_512, Boot Block size is 512 words
  6093                           ;	Boot Block enable bit
  6094                           ;	BBEN = OFF, Boot block disabled
  6095                           ;	Storage Area Flash enable bit
  6096                           ;	SAFEN = OFF, SAF disabled
  6097                           ;	Application Block write protection bit
  6098                           ;	WRTAPP = OFF, Application Block not write protected
  6099  300006                     	org	3145734
  6100  300006  FF                 	db	255
  6101                           
  6102                           ;Config register CONFIG4H @ 0x300007
  6103                           ;	Configuration Register Write Protection bit
  6104                           ;	WRTB = OFF, Configuration registers (300000-30000Bh) not write-protected
  6105                           ;	Boot Block Write Protection bit
  6106                           ;	WRTC = OFF, Boot Block (000000-0007FFh) not write-protected
  6107                           ;	Data EEPROM Write Protection bit
  6108                           ;	WRTD = OFF, Data EEPROM not write-protected
  6109                           ;	SAF Write protection bit
  6110                           ;	WRTSAF = OFF, SAF not Write Protected
  6111                           ;	Low Voltage Programming Enable bit
  6112                           ;	LVP = ON, Low voltage programming enabled. MCLR/VPP pin function is MCLR. MCLRE config
      +                          uration bit is ignored
  6113  300007                     	org	3145735
  6114  300007  FF                 	db	255
  6115                           
  6116                           ;Config register CONFIG5L @ 0x300008
  6117                           ;	PFM and Data EEPROM Code Protection bit
  6118                           ;	CP = OFF, PFM and Data EEPROM code protection disabled
  6119  300008                     	org	3145736
  6120  300008  FF                 	db	255
  6121                           
  6122                           ;Config register CONFIG5H @ 0x300009
  6123                           ;	unspecified, using default values
  6124  300009                     	org	3145737
  6125  300009  FF                 	db	255
  6126                           tosu	equ	0x3FFF
  6127                           tosh	equ	0x3FFE
  6128                           tosl	equ	0x3FFD
  6129                           stkptr	equ	0x3FFC
  6130                           pclatu	equ	0x3FFB
  6131                           pclath	equ	0x3FFA
  6132                           pcl	equ	0x3FF9
  6133                           tblptru	equ	0x3FF8
  6134                           tblptrh	equ	0x3FF7
  6135                           tblptrl	equ	0x3FF6
  6136                           tablat	equ	0x3FF5
  6137                           prodh	equ	0x3FF4
  6138                           prodl	equ	0x3FF3
  6139                           indf0	equ	0x3FEF
  6140                           postinc0	equ	0x3FEE
  6141                           postdec0	equ	0x3FED
  6142                           preinc0	equ	0x3FEC
  6143                           plusw0	equ	0x3FEB
  6144                           fsr0h	equ	0x3FEA
  6145                           fsr0l	equ	0x3FE9
  6146                           wreg	equ	0x3FE8
  6147                           indf1	equ	0x3FE7
  6148                           postinc1	equ	0x3FE6
  6149                           postdec1	equ	0x3FE5
  6150                           preinc1	equ	0x3FE4
  6151                           plusw1	equ	0x3FE3
  6152                           fsr1h	equ	0x3FE2
  6153                           fsr1l	equ	0x3FE1
  6154                           bsr	equ	0x3FE0
  6155                           indf2	equ	0x3FDF
  6156                           postinc2	equ	0x3FDE
  6157                           postdec2	equ	0x3FDD
  6158                           preinc2	equ	0x3FDC
  6159                           plusw2	equ	0x3FDB
  6160                           fsr2h	equ	0x3FDA
  6161                           fsr2l	equ	0x3FD9
  6162                           status	equ	0x3FD8

Data Sizes:
    Strings     31
    Constant    196
    Data        130
    BSS         81
    Persistent  0
    Stack       0

Auto Spaces:
    Space          Size  Autos    Used
    COMRAM           95     79      95
    BANK0           160     30     145
    BANK1           256      0      80
    BANK2           256      0       0
    BANK3           256      0       0
    BANK4           256      0       0
    BANK5           256      0       0
    BANK6           256      0       0
    BANK7           256      0       0

Pointer List with Targets:

    memcpy@d1	PTR void  size(2) Largest target is 8
		 -> LCD_SetFont@buffer(COMRAM[8]), 

    memcpy@d	PTR unsigned char  size(2) Largest target is 8
		 -> LCD_SetFont@buffer(COMRAM[8]), 

    memcpy@s1	PTR const void  size(2) Largest target is 64
		 -> blocks_chars(CODE[64]), square_four_chars(CODE[64]), tron_bold_chars(CODE[64]), 

    memcpy@s	PTR const unsigned char  size(2) Largest target is 64
		 -> blocks_chars(CODE[64]), square_four_chars(CODE[64]), tron_bold_chars(CODE[64]), 

    LCD.PORT	PTR volatile unsigned char  size(2) Largest target is 1
		 -> PORTB(BITBIGSFRh[1]), 

    LCD.TRIS	PTR volatile unsigned char  size(2) Largest target is 1
		 -> TRISB(BITBIGSFRlh[1]), 

    LCD_createChar@charmap	PTR const unsigned char  size(2) Largest target is 8
		 -> LCD_SetFont@buffer(COMRAM[8]), 

    LCD_puts@a	PTR unsigned char  size(2) Largest target is 14
		 -> STR_3(CODE[4]), STR_2(CODE[13]), STR_1(CODE[14]), 

    display.PORT	PTR volatile unsigned char  size(2) Largest target is 1
		 -> PORTB(BITBIGSFRh[1]), 

    display.TRIS	PTR volatile unsigned char  size(2) Largest target is 1
		 -> TRISB(BITBIGSFRlh[1]), 

    S80$PORT	PTR volatile unsigned char  size(2) Largest target is 1
		 -> PORTB(BITBIGSFRh[1]), 

    LCDisplay.PORT	PTR volatile unsigned char  size(2) Largest target is 1
		 -> PORTB(BITBIGSFRh[1]), 

    S80$TRIS	PTR volatile unsigned char  size(2) Largest target is 1
		 -> TRISB(BITBIGSFRlh[1]), 

    LCDisplay.TRIS	PTR volatile unsigned char  size(2) Largest target is 1
		 -> TRISB(BITBIGSFRlh[1]), 

    sp__memcpy	PTR void  size(2) Largest target is 8
		 -> LCD_SetFont@buffer(COMRAM[8]), 

    current_digits	PTR const unsigned char [4] size(2) Largest target is 40
		 -> NULL(NULL[0]), blocks_digits(BANK1[40]), square_four_digits(BANK0[40]), tron_bold_digits(BANK0[40]), 

    LCD_SetFont@char_data	PTR const unsigned char [8] size(2) Largest target is 64
		 -> blocks_chars(CODE[64]), square_four_chars(CODE[64]), tron_bold_chars(CODE[64]), 


Critical Paths under _main in COMRAM

    _main->_DISPLAY_ShowFloatValue
    _LCD_Initialize->_LCD_Init
    _LCD_puts->_LCD_putc
    _LCD_SetFont->_LCD_createChar
    _LCD_createChar->_LCD_Command
    _LCD_Init->_LCD_Command
    _DISPLAY_ShowFloatValue->___fltol
    ___fltol->___fladd
    ___flmul->___xxtofl
    ___fladd->___flmul
    _LCD_DrawBigDigit->_LCD_Command
    _LCD_putc->_LCD_Write
    _LCD_Command->_LCD_Write
    _LCD_Write->_LCD_Out

Critical Paths under _main in BANK0

    _main->_DISPLAY_ShowFloatValue

Critical Paths under _main in BANK1

    None.

Critical Paths under _main in BANK2

    None.

Critical Paths under _main in BANK3

    None.

Critical Paths under _main in BANK4

    None.

Critical Paths under _main in BANK5

    None.

Critical Paths under _main in BANK6

    None.

Critical Paths under _main in BANK7

    None.

Call Graph Tables:

 ---------------------------------------------------------------------------------
 (Depth) Function   	        Calls       Base Space   Used Autos Params    Refs
 ---------------------------------------------------------------------------------
 (0) _main                                                 2     2      0   15082
                                             77 COMRAM     2     2      0
            _ADC_GetSingleConversion
             _DISPLAY_ShowFloatValue
                        _LCD_Command
                     _LCD_Initialize
                           _LCD_puts
                  _SYSTEM_Initialize
                            ___flmul
                            ___lwdiv
                           ___xxtofl
 ---------------------------------------------------------------------------------
 (1) ___lwdiv                                              7     3      4     314
                                              0 COMRAM     7     3      4
 ---------------------------------------------------------------------------------
 (1) _SYSTEM_Initialize                                    0     0      0       0
                     _ADC_Initialize
                     _MCU_Initialize
              _OSCILLATOR_Initialize
 ---------------------------------------------------------------------------------
 (2) _OSCILLATOR_Initialize                                0     0      0       0
 ---------------------------------------------------------------------------------
 (2) _MCU_Initialize                                       0     0      0       0
 ---------------------------------------------------------------------------------
 (2) _ADC_Initialize                                       0     0      0       0
 ---------------------------------------------------------------------------------
 (1) _LCD_Initialize                                       2     2      0    2065
                                             42 COMRAM     2     2      0
                        _LCD_Command
                           _LCD_Init
                        _LCD_SetFont
                           _LCD_puts
 ---------------------------------------------------------------------------------
 (1) _LCD_puts                                             6     4      2     472
                                             17 COMRAM     6     4      2
                           _LCD_putc
 ---------------------------------------------------------------------------------
 (2) _LCD_SetFont                                         14    14      0    1051
                                             23 COMRAM    14    14      0
                     _LCD_createChar
                             _memcpy
 ---------------------------------------------------------------------------------
 (3) _memcpy                                              11     5      6     371
                                              0 COMRAM    11     5      6
 ---------------------------------------------------------------------------------
 (3) _LCD_createChar                                       5     3      2     496
                                             18 COMRAM     5     3      2
                        _LCD_Command
                           _LCD_putc
 ---------------------------------------------------------------------------------
 (2) _LCD_Init                                            24    14     10     388
                                             18 COMRAM    24    14     10
                        _LCD_Command
                          _LCD_Write
 ---------------------------------------------------------------------------------
 (1) _DISPLAY_ShowFloatValue                              42    36      6    9457
                                             65 COMRAM    12     6      6
                                              0 BANK0     30    30      0
                        _LCD_Command
                   _LCD_DrawBigDigit
                           _LCD_putc
                            ___fladd
                             ___flge
                            ___flmul
                            ___fltol
                            ___lldiv
                            ___llmod
                             ___lmul
                           ___xxtofl
 ---------------------------------------------------------------------------------
 (1) ___xxtofl                                            14    10      4     550
                                              0 COMRAM    14    10      4
 ---------------------------------------------------------------------------------
 (2) ___lmul                                              12     4      8     370
                                              0 COMRAM    12     4      8
 ---------------------------------------------------------------------------------
 (2) ___llmod                                              9     1      8     311
                                              0 COMRAM     9     1      8
 ---------------------------------------------------------------------------------
 (2) ___lldiv                                             13     5      8     466
                                              0 COMRAM    13     5      8
 ---------------------------------------------------------------------------------
 (2) ___fltol                                             10     6      4     381
                                             55 COMRAM    10     6      4
                            ___fladd (ARG)
                            ___flmul (ARG)
                           ___xxtofl (ARG)
 ---------------------------------------------------------------------------------
 (1) ___flmul                                             25    17      8    2048
                                             14 COMRAM    25    17      8
                           ___xxtofl (ARG)
 ---------------------------------------------------------------------------------
 (2) ___flge                                              12     4      8     334
                                              0 COMRAM    12     4      8
 ---------------------------------------------------------------------------------
 (2) ___fladd                                             16     8      8    2388
                                             39 COMRAM    16     8      8
                            ___flmul (ARG)
                           ___xxtofl (ARG)
 ---------------------------------------------------------------------------------
 (2) _LCD_DrawBigDigit                                     5     3      2     922
                                             18 COMRAM     5     3      2
                        _LCD_Command
                           _LCD_putc
 ---------------------------------------------------------------------------------
 (2) _LCD_putc                                             3     3      0     154
                                             14 COMRAM     3     3      0
                          _LCD_Write
 ---------------------------------------------------------------------------------
 (4) _LCD_Command                                          4     4      0     154
                                             14 COMRAM     4     4      0
                          _LCD_Write
 ---------------------------------------------------------------------------------
 (3) _LCD_Write                                            4     4      0     110
                                             10 COMRAM     4     4      0
                            _LCD_Out
 ---------------------------------------------------------------------------------
 (4) _LCD_Out                                             10    10      0      88
                                              0 COMRAM    10    10      0
 ---------------------------------------------------------------------------------
 (1) _ADC_GetSingleConversion                              5     3      2      22
                                              0 COMRAM     5     3      2
 ---------------------------------------------------------------------------------
 Estimated maximum stack depth 4
 ---------------------------------------------------------------------------------

 Call Graph Graphs:

 _main (ROOT)
   _ADC_GetSingleConversion
   _DISPLAY_ShowFloatValue
     _LCD_Command
       _LCD_Write
         _LCD_Out
     _LCD_DrawBigDigit
       _LCD_Command
       _LCD_putc
         _LCD_Write
     _LCD_putc
     ___fladd
       ___flmul (ARG)
         ___xxtofl (ARG)
       ___xxtofl (ARG)
     ___flge
     ___flmul
     ___fltol
       ___fladd (ARG)
       ___flmul (ARG)
       ___xxtofl (ARG)
     ___lldiv
     ___llmod
     ___lmul
     ___xxtofl
   _LCD_Command
   _LCD_Initialize
     _LCD_Command
     _LCD_Init
       _LCD_Command
       _LCD_Write
     _LCD_SetFont
       _LCD_createChar
         _LCD_Command
         _LCD_putc
       _memcpy
     _LCD_puts
       _LCD_putc
   _LCD_puts
   _SYSTEM_Initialize
     _ADC_Initialize
     _MCU_Initialize
     _OSCILLATOR_Initialize
   ___flmul
   ___lwdiv
   ___xxtofl

 Address spaces:
Name               Size   Autos  Total    Cost      Usage
BIGRAM             7FF      0       0      38        0.0%
BITBIGSFRllllhh    460      0       0      30        0.0%
EEDATA             400      0       0       0        0.0%
BITBIGSFRllllll    2D9      0       0      36        0.0%
BITBANK7           100      0       0      18        0.0%
BANK7              100      0       0      19        0.0%
BITBANK6           100      0       0      16        0.0%
BANK6              100      0       0      17        0.0%
BITBANK5           100      0       0      14        0.0%
BANK5              100      0       0      15        0.0%
BITBANK4           100      0       0      12        0.0%
BANK4              100      0       0      13        0.0%
BITBANK3           100      0       0      10        0.0%
BANK3              100      0       0      11        0.0%
BITBANK2           100      0       0       8        0.0%
BANK2              100      0       0       9        0.0%
BITBANK1           100      0       0       6        0.0%
BANK1              100      0      50       7       31.2%
BITBIGSFRllhhhh     BA      0       0      23        0.0%
BITBANK0            A0      0       0       4        0.0%
BANK0               A0     1E      91       5       90.6%
BITBIGSFRlllllh     60      0       0      33        0.0%
BITCOMRAM           5F      0       0       0        0.0%
COMRAM              5F     4F      5F       1      100.0%
BITBIGSFRh          33      0       0      20        0.0%
BITBIGSFRlllh       1C      0       0      29        0.0%
BITBIGSFRllllhh      F      0       0      31        0.0%
BITBIGSFRllllhl      F      0       0      32        0.0%
BITBIGSFRllhhhh      5      0       0      22        0.0%
BITBIGSFRlh          5      0       0      21        0.0%
BITBIGSFRllhhl       4      0       0      27        0.0%
BITBIGSFRllhhhh      2      0       0      25        0.0%
BITBIGSFRllhl        2      0       0      28        0.0%
BITBIGSFRlllllh      1      0       0      34        0.0%
BITBIGSFRlllllh      1      0       0      35        0.0%
BITBIGSFRllhhhh      1      0       0      24        0.0%
BITBIGSFRllhhhl      1      0       0      26        0.0%
BIGSFR               0      0       0     200        0.0%
BITSFR_9             0      0       0     200        0.0%
SFR_9                0      0       0     200        0.0%
BITSFR_8             0      0       0     200        0.0%
SFR_8                0      0       0     200        0.0%
BITSFR_7             0      0       0     200        0.0%
SFR_7                0      0       0     200        0.0%
BITSFR_6             0      0       0     200        0.0%
SFR_6                0      0       0     200        0.0%
BITSFR_5             0      0       0     200        0.0%
SFR_5                0      0       0     200        0.0%
BITSFR_4             0      0       0     200        0.0%
SFR_4                0      0       0     200        0.0%
BITSFR_3             0      0       0     200        0.0%
SFR_3                0      0       0     200        0.0%
BITSFR_2             0      0       0     200        0.0%
SFR_2                0      0       0     200        0.0%
BITSFR_1             0      0       0     200        0.0%
SFR_1                0      0       0     200        0.0%
BITSFR               0      0       0     200        0.0%
SFR                  0      0       0     200        0.0%
STACK                0      0       0       2        0.0%
NULL                 0      0       0       0        0.0%
ABS                  0      0     140      37        0.0%
DATA                 0      0     140       3        0.0%
CODE                 0      0       0       0        0.0%


Microchip Technology PIC18 Macro Assembler V2.36 build 20220127204148 
Symbol Table                                                                                   Mon Jan 05 00:10:47 2026

                          _LCD_Initialize 244A                              ?_LCD_Command 0001  
                                      l31 215C                                        l42 1710  
                                      l51 180C                                        l39 1858  
                                      l88 1A30                  ??_DISPLAY_ShowFloatValue 0048  
                       _square_four_chars 0841                  __end_of_LCD_DrawBigDigit 185A  
                 __end_of_tron_bold_chars 08C1                              ?_LCD_SetFont 0001  
                                     l100 1D3C                                       l103 23DE  
                                     l106 26AE                                       l115 256C  
                                     l109 26EC                                       l302 113C  
                                     l126 266A                                       l311 11FE  
                                     l240 2468                                       l402 2200  
                                     l306 113C                                       l315 11FE  
                                     l316 1224                                       l181 250E  
                                     l184 2732                                       l258 24AE  
                                     l362 2720                                       l187 2752  
                                     l380 2448                                       l284 0E6A  
                                     l365 2792                                       l359 27A0  
                                     l633 204C                                       l395 21F0  
                                     l379 2438                                       l638 2092  
                                     l913 0BEE                                       l905 0DA4  
                                     l665 1F8E                                       l922 0CBE  
                                     l923 0CAC                                       l866 22FC  
                                     l795 2288                                       l859 22F4  
                                     l788 2278                                       l982 12EA  
                                     l991 157C                                       l896 0AD4  
                                     l992 156A                                       l897 0AC2  
                                     l898 0A88                                       l986 1672  
                                     l989 1504                                       l999 1634  
                                     _LCD 0060                           LCD_Init@display 0013  
                      _square_four_digits 006A                                       wreg 003FE8  
                            ___flmul@aexp 0020                              ___flmul@bexp 0021  
                            ___flmul@sign 001B                              ___flmul@temp 0026  
                            ___flmul@prod 0022                           __end_of_LCD_Out 1D3E  
                            ___fltol@exp1 0041                                      l1030 1B20  
                                    l1023 1A88                                      l2001 1BE8  
                                    l1026 1BE4                                      l2011 1CD0  
                                    l2003 1C64                                      l2013 1CDE  
                                    l2005 1C72                                      l2021 2378  
                                    l2101 16AC                                      l1037 1B7C  
                                    l1045 25CA                                      l2015 1D06  
                                    l2007 1C9A                                      l2023 23A0  
                                    l2031 26A6                                      l2111 16F2  
                                    l2103 16B8                                      l2017 1D14  
                                    l2009 1CA8                                      l2025 23B0  
                                    l2033 26B2                                      l2121 1778  
                                    l2113 1704                                      l2105 16C8  
                                    l2041 2582                                      l2201 253C  
                                    l2019 2372                                      l2027 266E  
                                    l2035 26DA                                      l2131 17DE  
                                    l2123 1784                                      l2107 16D4  
                                    l2115 1710                                      l2211 23E0  
                                    l2051 2628                                      l2043 2596  
                                    l2203 2540                                      l2029 269C  
                                    l2037 26E4                                      l2133 1800  
                                    l2125 17A4                                      l2117 1732  
                                    l2109 16E6                                      l2301 09FE  
                                    l2221 215E                                      l2213 23F0  
                                    l2141 186E                                      l2061 2658  
                                    l2053 2642                                      l2045 259A  
                                    l2205 24B0                                      l2127 17B0  
                                    l2135 180C                                      l2119 1758  
                                    l2311 0A12                                      l2303 0A02  
                                    l2231 21A6                                      l2223 216E  
                                    l2215 23FE                                      l2151 196C  
                                    l2143 1880                                      l2063 265A  
                                    l2047 25AC                                      l2039 256E  
                                    l2071 20C2                                      l2207 26EE  
             DISPLAY_ShowFloatValue@i_334 00D1                                      l2137 1832  
                                    l2129 17D2                                      l2401 0C6E  
                                    l2313 0A16                                      l2305 0A06  
                                    l2321 0A26                                      l2241 21EA  
                                    l2233 21B0                                      l2225 2184  
                                    l2217 240E                                      l2153 1974  
                                    l2161 199A                                      l2145 1934  
                                    l2049 25B0                                      l2065 2096  
                                    l2209 277C                                      l2403 0C7C  
                                    l2331 0A96                                      l2323 0A2A  
                                    l2315 0A1A                                      l2307 0A0A  
                                    l2251 0912                                      l2243 08E6  
                                    l2235 21CE                                      l2227 218C  
                                    l2219 2418                                      l2171 19F4  
                                    l2163 19AA                                      l2155 198C  
                                    l2147 194C                                      l2139 185A  
                                    l2059 2646                                      l2083 210C  
                                    l2067 209A                                      l2075 20D6  
                                    l2413 0CCE                                      l2421 0D24  
                                    l2405 0C80                                      l2341 0AC0  
                                    l2333 0AA2                                      l2325 0A54  
                                    l2317 0A1E                                      l2309 0A0E  
                                    l2261 094C                                      l2253 0922  
                                    l2245 08F2                                      l2501 13A0  
                                    l2237 21DE                                      l2229 2198  
                                    l2181 1A1C                                      l2173 1A04  
                                    l2165 19D8                                      l2157 1994  
                                    l2149 1954                                      l2085 213C  
                                    l2069 20AE                                      l2077 2108  
                                    l2095 1676                                      l2431 0D76  
                                    l2423 0D34                                      l2415 0CDA  
                                    l2407 0C8E                                      l2351 0B16  
                                    l2343 0AE2                                      l2335 0AA6  
                                    l2327 0A70                                      l2319 0A22  
                                    l2271 097A                                      l2263 0952  
                                    l2255 0932                                      l2247 0900  
                                    l2511 13FE                                      l2503 13B0  
                                    l2239 21E0                                      l2191 1A28  
                                    l2183 1A20                                      l2175 1A0A  
                                    l2167 19DE                                      l2087 214A  
                                    l2097 1686                                      l2441 0D94  
                                    l2433 0D7C                                      l2425 0D44  
                                    l2417 0CE8                                      l2409 0CA4  
                                    l2361 0B50                                      l2353 0B24  
                                    l2345 0AF2                                      l2337 0AB4  
                                    l2329 0A80                                      l2281 09AE  
                                    l2273 097C                                      l2265 0964  
                                    l2257 0934                                      l2249 0902  
                                    l2521 1488                                      l2513 140E  
                                    l2505 13C0                                      l2193 1A2E  
                                    l2177 1A10                                      l2169 19EE  
                                    l2089 214C                                      l2099 169C  
                                    l2435 0D7E                                      l2427 0D64  
                                    l2419 0D22                                      l2371 0BBC  
                                    l2363 0B52                                      l2355 0B32  
                                    l2339 0AB6                                      l2291 09EA  
                                    l2275 098C                                      l2283 09B6  
                                    l2267 0966                                      l2259 093C  
                                    l2531 1502                                      l2523 14BE  
                                    l2515 142E                                      l2507 13D0  
                                    l2451 1242                                      l2611 1EF4  
                                    l2603 1EB4                                      l2179 1A16  
                                    l2437 0D84                                      l2429 0D68  
                                    l2381 0C14                                      l2373 0BBE  
                                    l2365 0B5C                                      l2357 0B3E  
                                    l2349 0B06                                      l2293 09EE  
                                    l2285 09C6                                      l2277 099C  
                                    l2269 096C                                      l2541 1562  
                                    l2533 1514                                      l2525 14CC  
                                    l2517 143E                                      l2509 13E0  
                                    l2461 1288                                      l2453 1252  
                                    l2445 1226                                      l2621 1F24  
                                    l2613 1F02                                      l2605 1EDE  
                                    l2189 1A22                                      l2197 2510  
                                    l2711 2740                                      l2703 2724  
                                    l2439 0D92                                      l2391 0C42  
                                    l2375 0BCE                                      l2359 0B42  
                                    l2367 0B62                                      l2295 09F2  
                                    l2287 09D8                                      l2279 09AC  
                                    l2551 15D0                                      l2535 1522  
                                    l2527 14EA                                      l2519 145E  
                                    l2471 12B4                                      l2463 128E  
                                    l2455 1262                                      l2447 1232  
                                    l2631 1F4E                                      l2623 1F2E  
                                    l2607 1EE0                                      l2199 251C  
                                    l2705 272A                                      l2393 0C50  
                                    l2385 0C28                                      l2369 0B88  
                                    l2377 0BDE                                      l2297 09F6  
                                    l2289 09E6                                      l2561 1638  
                                    l2545 158C                                      l2553 15D4  
                                    l2537 1526                                      l2529 14F4  
                                    l2481 130A                                      l2473 12C4  
                                    l2465 1294                                      l2457 1272  
                                    l2449 1240                                      l2633 1F5E  
                                    l2609 1EF0                                      l2641 2202  
                                    l2801 1034                                      l2707 272E  
                                    l2395 0C58                                      l2387 0C32  
                                    l2379 0C04                                      l2299 09FA  
                                    l2571 1662                                      l2563 1648  
                                    l2555 15EE                                      l2547 1598  
                                    l2539 1534                                      l2491 1352  
                                    l2475 12D4                                      l2467 12A2  
                                    l2459 1278                                      l2635 1F6E  
                                    l2619 1F1A                                      l2651 2258  
                                    l2643 2218                                      l2811 1070  
                                    l2803 103A                                      l2715 244A  
                                    l2709 2730                                      l2397 0C5C  
                                    l2389 0C40                                      l2581 1FFC  
                                    l2565 1656                                      l2557 1602  
                                    l2549 15A6                                      l2493 135E  
                                    l2485 131E                                      l2477 12DA  
                                    l2469 12A4                                      l2637 1F7E  
                                    l2629 1F42                                      l2653 2268  
                                    l2645 2220                                      l2661 1A52  
                                    l2821 10D8                                      l2813 1080  
                                    l2805 104A                                      l2741 24A8  
                                    l2725 246E                                      l2717 2462  
                                    l2901 1D60                                      l2399 0C6C  
                                    l2591 208A                                      l2583 200C  
                                    l2575 1F90                                      l2567 1658  
                                    l2559 161C                                      l2495 137A  
                                    l2487 132E                                      l2479 12FA  
                                    l2655 2272                                      l2647 222C  
                                    l2671 1ACA                                      l2663 1A98  
                                    l2831 111E                                      l2823 10E4  
                                    l2815 1084                                      l2807 104E  
                                    l2751 0DE2                                      l2735 2480  
                                    l2743 2794                                      l2911 1DDE  
                                    l2903 1D70                                      l2593 2090  
                                    l2585 201A                                      l2577 1FBE  
                                    l2569 165E                                      l2497 1386  
                                    l2489 1338                                      l2649 223A  
                                    l2681 1B52                                      l2673 1AD6  
                                    l2665 1AAE                                      l2657 1A34  
                                    l2841 1190                                      l2833 1130  
                                    l2825 10F4                                      l2817 10B8  
                                    l2809 105E                                      l2761 0E52  
                                    l2753 0DEC                                      l2745 0DA6  
                                    l2737 248C                                      l2729 247A  
                                    l2921 1E6C                                      l2905 1D8A  
                                    l2913 1DE2                                      l2587 202C  
                                    l2579 1FCE                                      l2499 1392  
                                    l2691 1B90                                      l2683 1B5E  
                                    l2675 1B08                                      l2659 1A44  
                                    l2851 1204                                      l2843 119E  
                                    l2835 1142                                      l2827 1100  
                                    l2819 10C8                                      l2771 0E9C  
                                    l2755 0DF2                                      l2763 0E6E  
                                    l2747 0DAA                                      l2739 24A2  
                                    l2931 1E7E                                      l2915 1E28  
                                    l2907 1D8E                                      l2589 203A  
                                    l2597 1E8A                                      l2693 1BB4  
                                    l2685 1B6C                                      l2677 1B0A  
                                    l2669 1AC2                                      l2845 11C0  
                                    l2837 1162                                      l2829 1112  
                                    l2853 1208                                      l2781 0F70  
                                    l2773 0EA4                                      l2765 0E7E  
                                    l2757 0E1A                                      l2749 0DB0  
                                    l2861 228A                                      l2917 1E40  
                                    l2909 1D98                                      l2599 1EA0  
                                    l2695 1BC4                                      l2687 1B8A  
                                    l2679 1B16                                      l2855 1216  
                                    l2847 11CE                                      l2839 1170  
                                    l2791 1002                                      l2783 0F7A  
                                    l2775 0ED8                                      l2767 0E86  
                                    l2759 0E4E                                      l2871 22C2  
                                    l2863 2292                                      l2919 1E50  
                                    l2697 1BD2                                      l2689 1B8C  
                                    l2849 11F0                                      l2857 121C  
                                    l2777 0EDC                                      l2769 0E8C  
                                    l2953 20EA                                      l2881 22EE  
                                    l2873 22C8                                      l2865 22A4  
                                    l2929 1E72                                      l2699 1BD4  
                                    l2795 100C                                      l2787 0F9A  
                                    l2779 0EEE                                      l2875 22DE  
                                    l2867 22AC                                      l2891 1D3E  
                                    l2797 1014                                      l2789 0FCE  
                                    l2877 22E6                                      l2869 22B4  
                                    l2893 1D42                                      l2879 22E8  
                                    l2895 1D46                                      l2897 1D54  
                                    l2899 1D5E                                      STR_1 08C5  
                                    STR_2 08D3                                      STR_3 08E0  
                                    u2000 23FE                                      u2001 23FA  
                                    u2010 2438                                      u2011 2434  
                                    u2100 098C                                      u2020 2184  
                                    u2101 0988                                      u2021 2180  
                                    u2110 099C                                      u2030 21A6  
                                    u2111 0998                                      u2031 21A2  
                                    u2200 0AE2                                      u2120 09D8  
                                    u2040 21CE                                      u3000 10C8  
                                    u2201 0ADE                                      u2121 09D4  
                                    u2041 21CA                                      u3001 10C4  
                                    u2210 0AF2                                      u2130 09E6  
                                    u2050 0900                                      u3010 10D8  
                                    u2211 0AEE                                      u2131 09E2  
                                    u2051 08FC                                      u3011 10D4  
                                    u2300 0C50                                      u2220 0B24  
                                    u2140 0A54                                      u2060 0912  
                                    u3020 10F4                                      u3100 22C2  
                                    u2301 0C4C                                      u2221 0B20  
                                    u2141 0A50                                      u2061 090E  
                                    u3021 10F0                                      u3101 22BE  
                                    _LATA 003FBA                                      u2310 0C6C  
                                    u2230 0B32                                      u2150 0A6C  
                                    u2070 0922                                      u3030 1112  
                                    u3110 22DE                                      _LATB 003FBB  
                                    u2311 0C68                                      u2231 0B2E  
                                    u2151 0A66                                      u2071 091E  
                                    u3031 110E                                      u3111 22DA  
                                    _LATC 003FBC                                      u2400 0D44  
                                    u2320 0C7C                                      u2240 0B50  
                                    u2160 0A6E                                      u2080 0964  
                                    u3040 1130                                      u2401 0D40  
                                    u2321 0C78                                      u2241 0B4C  
                                    u2081 0960                                      u3041 112C  
                                    u2410 0D64                                      u2330 0C8E  
                                    u2250 0B88                                      u2170 0A96  
                                    u2090 097A                                      u3050 1162  
                                    u3130 1D70                                      u2411 0D60  
                                    u2331 0C8A                                      u2251 0B84  
                                    u2171 0A92                                      u2091 0976  
                                    u3051 115E                                      u3131 1D6C  
                                    u1620 1C72                                      u1604 1C2A  
                                    u2420 0D76                                      u2340 0CA4  
                                    u2260 0BCE                                      u2180 0AB4  
                                    u2500 12FA                                      u3060 1190  
                                    u3140 1E50                                      u1621 1C6E  
                                    u1605 1C26                                      u2421 0D72  
                                    u2341 0CA0                                      u2261 0BCA  
                                    u2181 0AB0                                      u2501 12F6  
                                    u3061 118C                                      u3141 1E4C  
                                    u1614 1C42                                      u2430 0D92  
                                    u2350 0CBA                                      u2270 0C04  
                                    u2190 0AD4                                      u2510 130A  
                                    u3070 11C0                                      u1615 1C3E  
                                    u3207 23A6                                      u2431 0D8E  
                                    u2351 0CB6                                      u2271 0C00  
                                    u2191 0AD0                                      u2511 1306  
                                    u3071 11BC                                      u1640 1CA8  
                                    u1704 238A                                      u1800 16C8  
                                    u2360 0CCE                                      u2280 0C14  
                                    u2600 15EE                                      u2520 14A8  
                                    u2440 1240                                      u3080 11F0  
                                    u1641 1CA4                                      u1705 2386  
                                    u1801 16C4                                      u2361 0CCA  
                                    u2281 0C10                                      u2601 15EA  
                                    u2441 123C                                      u3081 11EC  
                                    u1634 1C84                                      u1714 23C2  
                                    u1810 16E6                                      u2370 0CE8  
                                    u2290 0C40                                      u2610 161C  
                                    u2530 1502                                      u2450 1252  
                                    u3090 22A4                                      u1635 1C80  
                                    u1715 23BE                                      u1811 16E2  
                                    u2371 0CE4                                      u2291 0C3C  
                                    u2611 1618                                      u2531 14FE  
                                    u2451 124E                                      u3091 22A0  
                                    u1660 1CDE                                      u1724 2680  
                                    u1820 1704                                      u2380 0D22  
                                    u2620 1656                                      u2540 1522  
                                    u2460 1262                                      u2700 1F02  
                                    u1740 25CA                                      u1661 1CDA  
                                    u1725 267C                                      u1821 1700  
                                    u2381 0D1E                                      u2621 1652  
                                    u2541 151E                                      u2525 149E  
                                    u2461 125E                                      u2701 1EFE  
                                    u1741 25C6                                      u3157 1E32  
                                    u1654 1CBA                                      u1734 26C4  
                                    u1830 1778                                      u2390 0D34  
                                    u2630 1FBE                                      u2550 1534  
                                    u2470 12A2                                      u2710 1F16  
                                    u1750 266A                                      u1655 1CB6  
                                    u1735 26C0                                      u1831 1774  
                                    u2391 0D30                                      u2631 1FBA  
                                    u2551 1530                                      u2471 129E  
                                    u2711 1F12                                      u1751 2666  
                                    u3167 2496                                      u1680 1D14  
                                    u1584 1BFA                                      u1840 17A4  
                                    u2640 1FFC                                      u2560 1562  
                                    u2480 12B4                                      u2720 1F3E  
                                    u2800 1AAE                                      u1904 18AA  
                                    u1760 215C                                      u1681 1D10  
                                    u1585 1BF6                                      u1841 17A0  
                                    u2641 1FF8                                      u2561 155E  
                                    u2481 12B0                                      u2721 1F3A  
                                    u2801 1AAA                                      u3177 19A0  
                                    u1905 18A6                                      u1761 2158  
                                    u1674 1CF0                                      u1594 1C12  
                                    u1850 17D2                                      u1770 1686  
                                    u2650 201A                                      u2570 1578  
                                    u2490 12C4                                      u2730 1F5E  
                                    u2810 1B04                                      u1914 18C2  
                                    u1675 1CEC                                      u1595 1C0E  
                                    u1851 17CE                                      u1771 1682  
                                    u2651 2016                                      u2571 1574  
                                    u2491 12C0                                      u2731 1F5A  
                                    u2811 1B00                                      u3187 19E4  
                                    u1915 18BE                                      u1860 1800  
                                    u1780 1698                                      u2660 203A  
                                    u2580 158C                                      u2740 1F6E  
                                    u2820 1B4E                                      u2900 0DE2  
                                    u1924 18DA                                      u1861 17FC  
                                    u1781 1694                                      u2661 2036  
                                    u2581 1588                                      u2741 1F6A  
                                    u2821 1B4A                                      u2901 0DDE  
                                    u3197 19FA                                      u1925 18D6  
                                    u1694 1D26                                      u1790 16AC  
                                    u2670 208A                                      u2590 15A6  
                                    u2750 2218                                      u2830 1B6C  
                                    u2910 0E6A                                      u1950 194C  
                                    u1934 18F2                                      u1695 1D22  
                                    u1791 16A8                                      u2671 2086  
                                    u2591 15A2                                      u2751 2214  
                                    u2831 1B68                                      u2911 0E66  
                                    u1951 1948                                      u1935 18EE  
                                    u1871 1864                                      u2680 1EA0  
                                    u2760 223A                                      u2840 1B7C  
                                    u2920 0E7E                                      u1960 196C  
                                    u1944 190A                                      u1880 1880  
                                    u2681 1E9C                                      u2761 2236  
                                    u2841 1B78                                      u2921 0E7A  
                                    u1961 1968                                      u1945 1906  
                                    u1881 187C                                      u2690 1ED4  
                                    u2770 2258                                      u2850 1B8A  
                                    u2930 0EEE                                      u1970 198C  
                                    u2771 2254                                      u2851 1B86  
                                    u2931 0EEA                                      u1971 1988  
                                    u2860 1BC4                                      u2780 1A44  
                                    u2940 0F96                                      u2861 1BC0  
                                    u2781 1A40                                      u2941 0F92  
                                    u2870 1BD2                                      u2790 1A52  
                                    u2950 1030                                      u1894 1892  
                                    u1990 256C                                      u2695 1ECA  
                                    u2871 1BCE                                      u2791 1A4E  
                                    u2951 102C                                      u1895 188E  
                                    u1991 2568                                      u2880 2740  
                                    u2960 105E                                      u1984 19BC  
                                    u2881 273C                                      u2961 105A  
                                    u1985 19B8                                      u2970 1070  
                                    u2971 106C                                      u2891 2454  
                                    u2980 1080                                      u2981 107C  
                                    u2990 10B8                                      u2991 10B4  
             DISPLAY_ShowFloatValue@count 00C0                                      _main 1D3E  
             DISPLAY_ShowFloatValue@value 0042                                      fsr2h 003FDA  
                                    indf2 003FDF                                      fsr1l 003FE1  
                                    fsr2l 003FD9                                      prodh 003FF4  
                                    prodl 003FF3                                      start 7FFC  
                             LCD_Init@cmd 002A                    __end_of_LCD_Initialize 24B0  
                            ___param_bank 000000                 __end_of_square_four_chars 0881  
                        __end_of_LCD_Init 1A32             __end_of_OSCILLATOR_Initialize 2794  
                        __end_of_LCD_putc 26EE                          __end_of_LCD_puts 256E  
                           ___fltol@sign1 0040                                     _ADACT 003EFE  
                                   _ADCAP 003EF5                           __end_of___fladd 0DA6  
                                   ?_main 0001                                     _ADCLK 003EFF  
                                   _ADPCH 003EF1                                     _ADREF 003EFD  
                                   _ADRPT 003EEC                           __end_of___flmul 1674  
                         __end_of___fltol 1F90                           __end_of___lldiv 2202  
                         __end_of___llmod 228A                           __end_of___lwdiv 22FE  
                                   _OSCEN 0039DD                                     _PORTA 003FCA  
                                   _PORTB 003FCB                                     _PORTC 003FCC  
                                   _TRISA 003FC2                                     _TRISB 003FC3  
                                   _TRISC 003FC4                 ??_ADC_GetSingleConversion 0003  
                        ??_MCU_Initialize 0001                       ___lmul@multiplicand 0005  
                                   tablat 003FF5                                     plusw0 003FEB  
                                   plusw1 003FE3                                     plusw2 003FDB  
                                   status 003FD8                           ?_LCD_Initialize 0001  
                         __initialization 22FE                              __end_of_main 1E8A  
      DISPLAY_ShowFloatValue@scale_factor 00C2        DISPLAY_ShowFloatValue@scaled_value 00CA  
                       _sensor_adcVoltage 005A                              LCD_SetFont@i 0025  
                                  ??_main 004E                      __end_of_blocks_chars 0841  
                           __activetblptr 000002                                 ??_LCD_Out 0001  
                       __end_of_LCD_Write 23E0                                    _ADACCU 003EEA  
                                  _ADACQH 003EF4                                    _ADACQL 003EF3  
                                  _ADCON0 003EF8                                    _ADCON1 003EF9  
                                  _ADCON2 003EFA                                    _ADCON3 003EFB  
                        ___llmod@dividend 0001                                    _ADLTHH 003EDF  
                                  _ADLTHL 003EDE                                    _ADRESH 003EF0  
                                  _ADRESL 003EEF                                    _ADPREH 003EF7  
                                  _ADPREL 003EF6                                    _ADSTAT 003EFC  
                                  _ADUTHH 003EE1                                    _ADUTHL 003EE0  
                                  _ANSELA 003A40                                    _ANSELB 003A50  
                                  _ANSELC 003A60                                    _FVRCON 003EC1  
                                  _OSCFRQ 0039DF                          __end_of___xxtofl 1BE6  
                   LCD_DrawBigDigit@digit 0017                           LCD_SetFont@FONT 0022  
                                  ___flge 1F90                                    ___lmul 23E0  
                               ??___fladd 0030                                 ??___flmul 0017  
                               ??___fltol 003C                                 ??___lldiv 0009  
                               ??___llmod 0009                                 ??___lwdiv 0005  
                                  _memcpy 256E                         _sensor_avgCounter 005E  
                                  clear_0 2348                                    clear_1 2354  
                                  clear_2 2360                            _LCD_createChar 2626  
                                  isa$std 000001  DISPLAY_ShowFloatValue@num_decimal_digits 00D0  
                       _sensor_avgVoltage 00EB                              __mediumconst 0000  
                                  tblptrh 003FF7                                    tblptrl 003FF6  
                                  tblptru 003FF8                    _DISPLAY_ShowFloatValue 0DA6  
                              ___flge@ff1 0001                                ___flge@ff2 0005  
                            ___xxtofl@arg 000B                              ___xxtofl@exp 000A  
                       _SYSTEM_Initialize 2794                              ___xxtofl@val 0001  
                              __accesstop 0060                   __end_of__initialization 2366  
                               ?_LCD_Init 0013                        ?_SYSTEM_Initialize 0001  
                               ?_LCD_putc 0001                                 ?_LCD_puts 0012  
                           ___rparam_used 000001                                ___fltol@f1 0038  
                          __pcstackCOMRAM 0001                              __pidataBANK0 25CC  
                            __pidataBANK1 2754                       ??_SYSTEM_Initialize 0001  
                  __end_of_LCD_createChar 266C                         ?_LCD_DrawBigDigit 0013  
                               LCD_putc@c 0011                                 LCD_puts@a 0012  
                               LCD_puts@i 0016                        ??_LCD_DrawBigDigit 0015  
               __end_of_SYSTEM_Initialize 27A2                                __pbssBANK0 00D8  
                              __pbssBANK1 0100                                ??_LCD_Init 001D  
                              ??_LCD_putc 000F                                ??_LCD_puts 0014  
                                 ?___flge 0001                                   ?___lmul 0001  
                         ?_LCD_createChar 0013                                   ?_memcpy 0001  
                          ___lmul@product 0009                                   _ADSTPTH 003EE5  
                                 _ADSTPTL 003EE4                                   _LCD_Out 1BE6  
                   LCD_createChar@charmap 0013                                 ?___xxtofl 0001  
                                 _OSCCON1 0039D9                                   _OSCCON3 0039DB  
                                 _OSCTUNE 0039DE                          ??_LCD_Initialize 002B  
                            _blocks_chars 0801                         _sensor_sumVoltage 00ED  
                                 __Hparam 0000                                   __Lparam 0000  
                           LCD_Write@data 000E                                   ___fladd 08E6  
                                 ___flmul 1226                                   ___fltol 1E8A  
                                 ___lldiv 215E                                   ___llmod 2202  
                                 ___lwdiv 228A                              __psmallconst 0800  
                                 __pcinit 22FE                                   __ramtop 0800  
                                 __ptext0 1D3E                                   __ptext1 228A  
                                 __ptext2 2794                                   __ptext3 277C  
                                 __ptext4 26EE                                   __ptext5 24B0  
                                 __ptext6 244A                                   __ptext7 2510  
                                 __ptext8 2094                                   __ptext9 256E  
                   _OSCILLATOR_Initialize 277C                                ??___xxtofl 0005  
                                 _voltaje 00E7                                 _LCD_Write 2370  
                    end_of_initialization 2366                                   memcpy@d 0007  
                                 memcpy@n 0005                                   memcpy@s 0009  
                          LCD_Command@cmd 0012                             __Lmediumconst 0000  
                               _LCDisplay 0050                           ___lldiv@divisor 0005  
                         ___lldiv@counter 000D                                   postdec1 003FE5  
                                 postinc0 003FEE                  ?_ADC_GetSingleConversion 0001  
                             ___fladd@grs 0037                             ___xxtofl@sign 0009  
                 ?_DISPLAY_ShowFloatValue 0042                                ?_LCD_Write 0001  
                             ___flmul@grs 001C                DISPLAY_ShowFloatValue@temp 00C6  
                           ??_LCD_Command 000F                   DISPLAY_ShowFloatValue@i 00C1  
                 DISPLAY_ShowFloatValue@j 00D3                            __end_of___flge 2094  
                          __end_of___lmul 244A                            _ADC_Initialize 24B0  
                           ??_LCD_SetFont 0018                            __end_of_memcpy 25CC  
                  ?_OSCILLATOR_Initialize 0001            __end_of_DISPLAY_ShowFloatValue 1226  
                     start_initialization 22FE                       __end_of_bit_voltaje 08C5  
                         ___llmod@divisor 0005           DISPLAY_ShowFloatValue@start_col 0047  
         DISPLAY_ShowFloatValue@start_row 0046                           ___llmod@counter 0009  
                        ??_LCD_createChar 0015                      LCD_DrawBigDigit@xpos 0013  
                    LCD_DrawBigDigit@ypos 0014           __end_of_ADC_GetSingleConversion 2754  
                                ??___flge 0009                                  ??___lmul 0009  
       DISPLAY_ShowFloatValue@digit_index 00D5                    __end_of_ADC_Initialize 2510  
       DISPLAY_ShowFloatValue@digit_value 00CE                               __pdataBANK0 0060  
                             __pdataBANK1 0128                                  ??_memcpy 0007  
                          _current_digits 005C                                 ___fladd@a 002C  
                               ___fladd@b 0028                                  ?_LCD_Out 0001  
                     __end_of_LCD_Command 26B0                                 ___flmul@a 0013  
                               ___flmul@b 000F                               __pbssCOMRAM 0050  
                           __pcstackBANK0 00BA                                  LCD_Out@c 000A  
                     __end_of_LCD_SetFont 215E                               ??_LCD_Write 000B  
                        ___lwdiv@dividend 0001                                  ?___fladd 0028  
                                ?___flmul 000F                                  ?___fltol 0038  
                                ?___lldiv 0001                                  ?___llmod 0001  
                               _lcdNumber 00D8                                  ?___lwdiv 0001  
                         ?_ADC_Initialize 0001              DISPLAY_ShowFloatValue@digits 00BA  
                             __smallconst 0800                      LCD_SetFont@char_data 0023  
                             _bit_voltaje 08C1                          ___lwdiv@quotient 0005  
                          _MCU_Initialize 26EE                                  _LCD_Init 185A  
                                _LCD_putc 26B0                                  _LCD_puts 2510  
                             _LCD_Command 266C            ADC_GetSingleConversion@channel 0005  
                  LCD_createChar@location 0016         DISPLAY_ShowFloatValue@current_col 00D7  
                              _ADCON0bits 003EF8                               _LCD_SetFont 2094  
                       ___lmul@multiplier 0001                                 copy_data0 2312  
                               copy_data1 2334                    __end_of_MCU_Initialize 2722  
                           _blocks_digits 0128                          _LCD_DrawBigDigit 1674  
                                __Hrparam 0000                                 memcpy@tmp 000B  
                                __Lrparam 0000                          _tron_bold_digits 0092  
                 ??_OSCILLATOR_Initialize 0001                                  _adcValue 00EF  
                                ___xxtofl 1A32                           ___lwdiv@divisor 0003  
                         ___lwdiv@counter 0007                                  __ptext10 2626  
                                __ptext11 185A                                  __ptext20 08E6  
                                __ptext12 0DA6                                  __ptext21 1674  
                                __ptext13 1A32                                  __ptext22 26B0  
                                __ptext14 23E0                                  __ptext23 266C  
                                __ptext15 2202                                  __ptext24 2370  
                                __ptext16 215E                                  __ptext25 1BE6  
                                __ptext17 1E8A                                  __ptext26 2722  
                                __ptext18 1226                                  __ptext19 1F90  
                       LCD_SetFont@buffer 001A                           ?_MCU_Initialize 0001  
                                isa$xinst 000000                                  memcpy@d1 0001  
                                memcpy@s1 0003                           _tron_bold_chars 0881  
                            _sensor_ready 005F                          ___lldiv@dividend 0001  
                        ??_ADC_Initialize 0001                             _buffer_salida 0100  
                         LCD_createChar@i 0017                          ___lldiv@quotient 0009  
       DISPLAY_ShowFloatValue@units_index 00D6                   _ADC_GetSingleConversion 2722  
                           ___fladd@signs 0034                              ___fladd@aexp 0035  
                            ___fladd@bexp 0036      DISPLAY_ShowFloatValue@drawing_active 00BF  
DISPLAY_ShowFloatValue@num_integer_digits 00CF  
